1120424,BEOGRAD,BARAJEVO,"10.02.2016,12:00",20.36272,44.61512,Sa poginulim,SN SA PEŠACIMA,Pešak – ostale situacije
1131399,BEOGRAD,BARAJEVO,"04.05.2016,12:00",20.40361,44.63515,Sa poginulim,SN SA NAJMANjE DVA VOZILA – BEZ SKRETANjA,Najmanje dva vozila – ?eoni sudar
1134910,BEOGRAD,BARAJEVO,"31.05.2016,15:15",20.41218,44.63684,Sa poginulim,SN SA PEŠACIMA,"Prelazak pešaka sleva, van raskrsnice , bez skretanja vozila"
1141039,BEOGRAD,BARAJEVO,"14.07.2016,00:10",20.4098,44.62715,Sa poginulim,SN SA NAJMANjE DVA VOZILA – SKRETANjE ILI PRELAZAK,Najmanje dva vozila koja se kre?u istim putem u suprotnim smerovima uz skretanje ulevo ispred drugog vozila
1141024,BEOGRAD,BARAJEVO,"17.07.2016,23:40",20.34787,44.59243,Sa poginulim,SN SA NAJMANjE DVA VOZILA – SKRETANjE ILI PRELAZAK,Najmanje dva vozila koja se kre?u istim putem u suprotnim smerovima uz skretanje ulevo ispred drugog vozila
1149717,BEOGRAD,BARAJEVO,"22.09.2016,13:20",20.361403,44.613482,Sa poginulim,SN SA NAJMANjE DVA VOZILA – SKRETANjE ILI PRELAZAK,"Najmanje dva vozila koja se kre?u istim putem u istom smeru uz skretanje, skretanje ulevo ispred drugog vozila"
1157467,BEOGRAD,BARAJEVO,"21.11.2016,16:45",20.36911,44.62237,Sa poginulim,SN SA PEŠACIMA,"Prelazak pešaka sleva, van raskrsnice , bez skretanja vozila"
1115877,BEOGRAD,?UKARICA,"04.01.2016,21:00",20.40015,44.74921,Sa poginulim,SN SA PEŠACIMA,"Prelazak pešaka zdesna, van raskrsnice, bez skretanja vozila"
1117078,BEOGRAD,?UKARICA,"11.01.2016,10:30",20.32139,44.74072,Sa poginulim,SN SA NAJMANjE DVA VOZILA – SKRETANjE ILI PRELAZAK,Najmanje dva vozila koja se kre?u istim putem u suprotnim smerovima uz skretanje ulevo ispred drugog vozila
1130603,BEOGRAD,?UKARICA,"27.04.2016,16:30",20.41583,44.64591,Sa poginulim,SN SA NAJMANjE DVA VOZILA – BEZ SKRETANjA,Ostale nezgode sa najmanje dva vozila – suprotni smerovi bez skretanja
1133017,BEOGRAD,?UKARICA,"06.05.2016,21:05",20.3568,44.76767,Sa poginulim,SN SA PEŠACIMA,Pešak se kre?e duž kolovoza u smeru kretanja vozila
1140415,BEOGRAD,?UKARICA,"19.06.2016,23:45",20.38781,44.67924,Sa poginulim,SN SA JEDNIM VOZILOM,Nezgoda sa jednim vozilom i prevrtanjem
1143090,BEOGRAD,?UKARICA,"30.07.2016,05:10",20.42024,44.69186,Sa poginulim,SN SA NAJMANjE DVA VOZILA – BEZ SKRETANjA,Najmanje dva vozila – ?eoni sudar
1145973,BEOGRAD,?UKARICA,"26.08.2016,09:05",20.4133,44.64359,Sa poginulim,SN SA NAJMANjE DVA VOZILA – BEZ SKRETANjA,Najmanje dva vozila – ?eoni sudar
1147197,BEOGRAD,?UKARICA,"02.09.2016,23:10",20.37684,44.70063,Sa poginulim,SN SA NAJMANjE DVA VOZILA – BEZ SKRETANjA,Najmanje dva vozila – ?eoni sudar
1153352,BEOGRAD,?UKARICA,"20.10.2016,13:30",20.36062,44.71774,Sa poginulim,SN SA NAJMANjE DVA VOZILA – BEZ SKRETANjA,Najmanje dva vozila – ?eoni sudar
1153352,BEOGRAD,?UKARICA,"20.10.2016,13:30",20.36062,44.71774,Sa poginulim,SN SA NAJMANjE DVA VOZILA – BEZ SKRETANjA,Najmanje dva vozila koja se kre?u u istom smeru – sustizanje
1157517,BEOGRAD,?UKARICA,"22.11.2016,06:50",20.415481,44.645707,Sa poginulim,SN SA PEŠACIMA,"Prelazak pešaka zdesna, van raskrsnice, bez skretanja vozila"
1122968,BEOGRAD,GROCKA,"28.02.2016,21:20",20.61484,44.66187,Sa poginulim,SN SA PEŠACIMA,Pešak se kre?e duž kolovoza ili stoji na kolovozu
1125934,BEOGRAD,GROCKA,"23.03.2016,19:00",20.75346,44.58389,Sa poginulim,SN SA PEŠACIMA,Pešak se kre?e duž kolovoza u smeru kretanja vozila
1126299,BEOGRAD,GROCKA,"28.03.2016,22:20",20.58331,44.69537,Sa poginulim,SN SA PEŠACIMA,"Prelazak pešaka zdesna, van raskrsnice, bez skretanja vozila"
1134935,BEOGRAD,GROCKA,"19.05.2016,23:25",20.60421,44.73307,Sa poginulim,SN SA JEDNIM VOZILOM,Nezgoda sa jednim vozilom – silazak udesno sa kolovoza na pravcu
1154442,BEOGRAD,GROCKA,"28.10.2016,06:30",20.62215,44.72814,Sa poginulim,SN SA PEŠACIMA,"Prelazak pešaka zdesna, van raskrsnice, bez skretanja vozila"
1123386,BEOGRAD,LAZAREVAC,"22.02.2016,22:40",20.32459,44.40964,Sa poginulim,SN SA JEDNIM VOZILOM,Nezgoda sa jednim vozilom – silazak udesno sa kolovoza na pravcu
1126618,BEOGRAD,LAZAREVAC,"31.03.2016,18:50",20.2854,44.3615,Sa poginulim,SN SA NAJMANjE DVA VOZILA – SKRETANjE ILI PRELAZAK,"Najmanje dva vozila koja se kre?u istim putem u istom smeru uz skretanje, skretanje ulevo ispred drugog vozila"
1145053,BEOGRAD,LAZAREVAC,"18.08.2016,12:50",20.290155,44.501429,Sa poginulim,SN SA JEDNIM VOZILOM,Nezgoda sa jednim vozilom – silazak ulevo sa kolovoza na pravcu
1145755,BEOGRAD,LAZAREVAC,"24.08.2016,18:05",20.21993,44.33172,Sa poginulim,SN SA JEDNIM VOZILOM,Nezgoda sa jednim vozilom – silazak sa kolovoza u krivini
1146950,BEOGRAD,LAZAREVAC,"02.09.2016,20:25",20.25544,44.383467,Sa poginulim,SN SA PEŠACIMA,"Prelazak pešaka zdesna , u raskrsnici, bez skretanja vozila"
1148018,BEOGRAD,LAZAREVAC,"11.09.2016,06:20",20.41938,44.39246,Sa poginulim,SN SA JEDNIM VOZILOM,Nezgoda sa jednim vozilom – silazak ulevo sa kolovoza na pravcu
1149809,BEOGRAD,LAZAREVAC,"24.09.2016,14:30",20.39629,44.38115,Sa poginulim,SN SA JEDNIM VOZILOM,Nezgoda sa jednim vozilom – silazak sa kolovoza u krivini
1150412,BEOGRAD,LAZAREVAC,"28.09.2016,12:05",20.26132,44.2967,Sa poginulim,SN SA NAJMANjE DVA VOZILA – BEZ SKRETANjA,Najmanje dva vozila – ?eoni sudar
1150710,BEOGRAD,LAZAREVAC,"01.10.2016,22:00",20.3021,44.37106,Sa poginulim,SN SA NAJMANjE DVA VOZILA – SKRETANjE ILI PRELAZAK,Najmanje dva vozila koja se kre?u istim putem u suprotnim smerovima uz skretanje ulevo ispred drugog vozila
1153651,BEOGRAD,LAZAREVAC,"22.10.2016,20:55",20.2944,44.51004,Sa poginulim,SN SA PEŠACIMA,Pešak se kre?e duž kolovoza u smeru kretanja vozila
1156056,BEOGRAD,LAZAREVAC,"09.11.2016,10:45",20.31345,44.47031,Sa poginulim,SN SA PEŠACIMA,"Prelazak pešaka sleva, van raskrsnice , bez skretanja vozila"
1156537,BEOGRAD,LAZAREVAC,"11.11.2016,17:30",20.24091,44.39298,Sa poginulim,SN SA PEŠACIMA,"Prelazak pešaka zdesna, van raskrsnice, bez skretanja vozila"
1158266,BEOGRAD,LAZAREVAC,"27.11.2016,20:30",20.27972,44.27887,Sa poginulim,SN SA NAJMANjE DVA VOZILA – SKRETANjE ILI PRELAZAK,Najmanje dva vozila koja se kre?u istim putem u suprotnim smerovima uz skretanje ulevo ispred drugog vozila
1162189,BEOGRAD,LAZAREVAC,"17.12.2016,05:20",20.23956,44.36196,Sa poginulim,SN SA JEDNIM VOZILOM,Nezgoda sa jednim vozilom – silazak ulevo sa kolovoza na pravcu
1123976,BEOGRAD,MLADENOVAC,"09.03.2016,19:25",20.6639,44.47735,Sa poginulim,SN SA NAJMANjE DVA VOZILA – BEZ SKRETANjA,Ostale nezgode sa najmanje dva vozila – suprotni smerovi bez skretanja
1138381,BEOGRAD,MLADENOVAC,"28.06.2016,00:20",20.65736,44.48937,Sa poginulim,SN SA NAJMANjE DVA VOZILA – SKRETANjE ILI PRELAZAK,Ostale nezgode sa najmanje dva vozila koja se kre?u istim putem u suprotnim smerovima uz skretanje
1150536,BEOGRAD,MLADENOVAC,"29.09.2016,08:10",20.719046,44.410406,Sa poginulim,SN SA NAJMANjE DVA VOZILA – SKRETANjE ILI PRELAZAK,Najmanje dva vozila koja se kre?u razli?itim putevima uz skretanje ulevo i uz nailazak vozila sleva
1154119,BEOGRAD,MLADENOVAC,"03.10.2016,18:40",20.69566,44.43887,Sa poginulim,SN SA PEŠACIMA,"Prelazak pešaka sleva, van raskrsnice , bez skretanja vozila"
1152191,BEOGRAD,MLADENOVAC,"07.10.2016,16:00",20.6798,44.41574,Sa poginulim,SN SA NAJMANjE DVA VOZILA – SKRETANjE ILI PRELAZAK,"Najmanje dva vozila koja se kre?u razli?itim putevima uz prolazak kroz raskrsnicu, ili od kojih jedno prelazi preko kolovoza, bez skretanja"
1160830,BEOGRAD,MLADENOVAC,"12.12.2016,18:10",20.67713,44.48771,Sa poginulim,SN SA PEŠACIMA,Pešak se kre?e duž kolovoza u smeru kretanja vozila
1139119,BEOGRAD,NOVI BEOGRAD,"30.06.2016,20:55",20.41002,44.80436,Sa poginulim,SN SA PEŠACIMA,"Prelazak pešaka zdesna, van raskrsnice, bez skretanja vozila"
1145256,BEOGRAD,NOVI BEOGRAD,"20.08.2016,06:00",20.405,44.81507,Sa poginulim,SN SA NAJMANjE DVA VOZILA – SKRETANjE ILI PRELAZAK,"Najmanje dva vozila koja se kre?u razli?itim putevima uz prolazak kroz raskrsnicu, ili od kojih jedno prelazi preko kolovoza, bez skretanja"
1150153,BEOGRAD,NOVI BEOGRAD,"22.09.2016,15:35",20.43106,44.82053,Sa poginulim,SN SA PEŠACIMA,"Prelazak pešaka zdesna, van raskrsnice, bez skretanja vozila"
1159779,BEOGRAD,NOVI BEOGRAD,"07.12.2016,16:40",20.37928,44.80408,Sa poginulim,SN SA PEŠACIMA,"Prelazak pešaka sleva, van raskrsnice , bez skretanja vozila"
1117436,BEOGRAD,OBRENOVAC,"15.01.2016,18:40",20.15501,44.66853,Sa poginulim,SN SA PEŠACIMA,Pešak se kre?e duž kolovoza u smeru kretanja vozila
1117916,BEOGRAD,OBRENOVAC,"20.01.2016,17:40",20.17391,44.62297,Sa poginulim,SN SA NAJMANjE DVA VOZILA – SKRETANjE ILI PRELAZAK,Najmanje dva vozila koja se kre?u istim putem u suprotnim smerovima uz skretanje ulevo ispred drugog vozila
1135220,BEOGRAD,OBRENOVAC,"13.06.2016,02:50",20.20619,44.65735,Sa poginulim,SN SA JEDNIM VOZILOM,Nezgoda sa jednim vozilom – silazak udesno sa kolovoza na pravcu
1150695,BEOGRAD,OBRENOVAC,"01.10.2016,17:30",20.28624,44.663,Sa poginulim,SN SA NAJMANjE DVA VOZILA – SKRETANjE ILI PRELAZAK,Najmanje dva vozila koja se kre?u istim putem u suprotnim smerovima uz skretanje ulevo ispred drugog vozila
1150661,BEOGRAD,OBRENOVAC,"01.10.2016,06:00",20.07823,44.66215,Sa poginulim,SN SA NAJMANjE DVA VOZILA – SKRETANjE ILI PRELAZAK,Najmanje dva vozila koja se kre?u istim putem u suprotnim smerovima uz skretanje ulevo ispred drugog vozila
1157602,BEOGRAD,OBRENOVAC,"21.11.2016,18:05",20.15031,44.57019,Sa poginulim,SN SA PEŠACIMA,"Prelazak pešaka sleva, van raskrsnice , bez skretanja vozila"
1162439,BEOGRAD,OBRENOVAC,"29.12.2016,22:20",20.22356,44.65173,Sa poginulim,SN SA NAJMANjE DVA VOZILA – SKRETANjE ILI PRELAZAK,Najmanje dva vozila koja se kre?u istim putem u suprotnim smerovima uz skretanje ulevo ispred drugog vozila
1118186,BEOGRAD,PALILULA,"17.01.2016,00:50",20.38918,45.05599,Sa poginulim,SN SA JEDNIM VOZILOM,Nezgoda sa jednim vozilom – silazak sa kolovoza u krivini
1119469,BEOGRAD,PALILULA,"29.01.2016,08:15",20.47941,44.81133,Sa poginulim,SN SA PEŠACIMA,"Prelazak pešaka sleva, van raskrsnice , bez skretanja vozila"
1122160,BEOGRAD,PALILULA,"23.02.2016,13:50",20.600663,44.869251,Sa poginulim,SN SA NAJMANjE DVA VOZILA – SKRETANjE ILI PRELAZAK,Najmanje dva vozila koja se kre?u istim putem u suprotnim smerovima uz skretanje ulevo ispred drugog vozila
1130243,BEOGRAD,PALILULA,"27.04.2016,00:05",20.43401,44.9446,Sa poginulim,SN SA PEŠACIMA,"Prelazak pešaka zdesna, van raskrsnice, bez skretanja vozila"
1134469,BEOGRAD,PALILULA,"28.05.2016,10:00",20.452965,44.873472,Sa poginulim,SN SA PEŠACIMA,Pešak – ostale situacije
1146581,BEOGRAD,PALILULA,"31.08.2016,10:30",20.4537,44.89802,Sa poginulim,SN SA NAJMANjE DVA VOZILA – SKRETANjE ILI PRELAZAK,Najmanje dva vozila koja se kre?u istim putem u suprotnim smerovima uz skretanje ulevo ispred drugog vozila
1156078,BEOGRAD,PALILULA,"07.11.2016,09:50",20.40346,44.88762,Sa poginulim,SN SA JEDNIM VOZILOM,Nezgoda sa jednim vozilom – silazak ulevo sa kolovoza na pravcu
1157476,BEOGRAD,PALILULA,"13.11.2016,19:20",20.49621,44.84937,Sa poginulim,SN SA JEDNIM VOZILOM,Nezgoda sa jednim vozilom – silazak ulevo sa kolovoza na pravcu
1156697,BEOGRAD,PALILULA,"14.11.2016,19:50",20.45628,44.89427,Sa poginulim,SN SA PEŠACIMA,"Prelazak pešaka sleva, van raskrsnice , bez skretanja vozila"
1157013,BEOGRAD,PALILULA,"17.11.2016,18:30",20.4562,44.89441,Sa poginulim,SN SA PEŠACIMA,"Prelazak pešaka sleva, van raskrsnice , bez skretanja vozila"
1150274,BEOGRAD,RAKOVICA,"24.09.2016,12:35",20.43551,44.72163,Sa poginulim,SN SA PEŠACIMA,Pešak zaustavljen na trotoaru ili biciklisti?koj stazi
1128318,BEOGRAD,SAVSKI VENAC,"14.04.2016,02:00",20.45787,44.80366,Sa poginulim,SN SA NAJMANjE DVA VOZILA – SKRETANjE ILI PRELAZAK,Najmanje dva vozila koja se kre?u istim putem u suprotnim smerovima uz skretanje ulevo ispred drugog vozila
1150799,BEOGRAD,SAVSKI VENAC,"23.09.2016,15:20",20.43655,44.78385,Sa poginulim,SN SA NAJMANjE DVA VOZILA – SKRETANjE ILI PRELAZAK,"Najmanje dva vozila koja se kre?u razli?itim putevima uz prolazak kroz raskrsnicu, ili od kojih jedno prelazi preko kolovoza, bez skretanja"
1162920,BEOGRAD,SAVSKI VENAC,"31.12.2016,18:40",20.46964,44.75453,Sa poginulim,SN SA PEŠACIMA,"Prelazak pešaka preko kolovoza, u raskrsnici, bez skretanja vozila"
1152306,BEOGRAD,SOPOT,"05.10.2016,12:20",20.594587,44.561709,Sa poginulim,SN SA PEŠACIMA,Pešak stoji na kolovozu
1116306,BEOGRAD,STARI GRAD,"06.01.2016,10:07",20.45621,44.81463,Sa poginulim,SN SA PEŠACIMA,"Prelazak pešaka sleva, u raskrsnici, bez skretanja vozila"
1123299,BEOGRAD,STARI GRAD,"01.03.2016,18:40",20.45605,44.83015,Sa poginulim,SN SA PEŠACIMA,"Prelazak pešaka sleva, van raskrsnice , bez skretanja vozila"
1163026,BEOGRAD,STARI GRAD,"31.12.2016,00:45",20.45217,44.81516,Sa poginulim,SN SA PEŠACIMA,"Prelazak pešaka sleva, van raskrsnice , bez skretanja vozila"
1120959,BEOGRAD,SUR?IN,"16.02.2016,04:40",20.25391,44.80731,Sa poginulim,SN SA NAJMANjE DVA VOZILA – BEZ SKRETANjA,Najmanje dva vozila – ?eoni sudar
1127880,BEOGRAD,SUR?IN,"08.04.2016,19:05",20.20914,44.84795,Sa poginulim,SN SA NAJMANjE DVA VOZILA – SKRETANjE ILI PRELAZAK,Ostale nezgode sa najmanje dva vozila koja se kre?u istim putem u suprotnim smerovima uz skretanje
1143988,BEOGRAD,SUR?IN,"08.08.2016,05:25",20.24873,44.77989,Sa poginulim,SN SA JEDNIM VOZILOM,Nezgoda sa jednim vozilom – silazak sa kolovoza u krivini
1152320,BEOGRAD,SUR?IN,"06.10.2016,19:50",20.24635,44.73298,Sa poginulim,SN SA PEŠACIMA,"Prelazak pešaka sleva, van raskrsnice , bez skretanja vozila"
1119687,BEOGRAD,VOŽDOVAC,"03.02.2016,21:30",20.51734,44.71671,Sa poginulim,SN SA NAJMANjE DVA VOZILA – BEZ SKRETANjA,Najmanje dva vozila koja se kre?u u istom smeru – sustizanje
1120083,BEOGRAD,VOŽDOVAC,"08.02.2016,02:00",20.48028,44.74404,Sa poginulim,SN SA NAJMANjE DVA VOZILA – SKRETANjE ILI PRELAZAK,Najmanje dva vozila koja se kre?u istim putem u suprotnim smerovima uz skretanje ulevo ispred drugog vozila
1146977,BEOGRAD,VOŽDOVAC,"31.08.2016,21:35",20.49942,44.74432,Sa poginulim,SN SA NAJMANjE DVA VOZILA – SKRETANjE ILI PRELAZAK,Najmanje dva vozila koja se kre?u istim putem u suprotnim smerovima uz skretanje ulevo ispred drugog vozila
1157598,BEOGRAD,VOŽDOVAC,"21.11.2016,14:30",20.50098,44.7001,Sa poginulim,SN SA PARKIRANIM VOZILIMA,Sudar sa parkiranim vozilom sa desne strane kolovoza
1160633,BEOGRAD,VOŽDOVAC,"14.12.2016,16:15",20.48166,44.7591,Sa poginulim,SN SA PEŠACIMA,"Prelazak pešaka sleva, u raskrsnici, bez skretanja vozila"
1162342,BEOGRAD,VOŽDOVAC,"28.12.2016,12:15",20.49473,44.72642,Sa poginulim,SN SA PEŠACIMA,Pešak se kre?e duž kolovoza ili stoji na kolovozu
1162342,BEOGRAD,VOŽDOVAC,"28.12.2016,12:15",20.49473,44.72642,Sa poginulim,SN SA NAJMANjE DVA VOZILA – SKRETANjE ILI PRELAZAK,Ostale nezgode sa najmanje dva vozila koja se kre?u razli?itim putevima uz skretanje
1123316,BEOGRAD,ZEMUN,"04.03.2016,03:00",20.205301,44.855371,Sa poginulim,SN SA JEDNIM VOZILOM,Nezgoda sa jednim vozilom – silazak udesno sa kolovoza na pravcu
1124351,BEOGRAD,ZEMUN,"10.03.2016,21:20",20.35855,44.83258,Sa poginulim,SN SA PEŠACIMA,"Prelazak pešaka zdesna, van raskrsnice, bez skretanja vozila"
1127753,BEOGRAD,ZEMUN,"09.04.2016,17:20",20.39847,44.83593,Sa poginulim,SN SA JEDNIM VOZILOM,Nezgoda sa jednim vozilom i prevrtanjem
1130107,BEOGRAD,ZEMUN,"26.04.2016,02:15",20.33815,44.86973,Sa poginulim,SN SA PEŠACIMA,"Prelazak pešaka zdesna, van raskrsnice, bez skretanja vozila"
1132776,BEOGRAD,ZEMUN,"12.05.2016,15:00",20.37823,44.859,Sa poginulim,SN SA PEŠACIMA,Pešak – ostale situacije
1141466,BEOGRAD,ZEMUN,"17.07.2016,08:50",20.41205,44.83891,Sa poginulim,SN SA NAJMANjE DVA VOZILA – BEZ SKRETANjA,Najmanje dva vozila – ?eoni sudar
1145738,BEOGRAD,ZEMUN,"16.08.2016,13:30",20.28506,44.89325,Sa poginulim,SN SA JEDNIM VOZILOM,Nezgoda sa jednim vozilom – silazak ulevo sa kolovoza na pravcu
1150129,BEOGRAD,ZEMUN,"23.09.2016,20:25",20.4116,44.83872,Sa poginulim,SN SA PEŠACIMA,"Prelazak pešaka sleva, sa skretanjem vozila ulevo, u raskrsnici"
1159058,BEOGRAD,ZEMUN,"02.12.2016,18:45",20.36684,44.84042,Sa poginulim,SN SA PEŠACIMA,"Prelazak pešaka sleva, van raskrsnice , bez skretanja vozila"
1160355,BEOGRAD,ZEMUN,"12.12.2016,04:05",20.34114,44.875,Sa poginulim,SN SA NAJMANjE DVA VOZILA – SKRETANjE ILI PRELAZAK,Najmanje dva vozila koja se kre?u istim putem u suprotnim smerovima uz skretanje ulevo ispred drugog vozila
1128541,BEOGRAD,ZVEZDARA,"07.04.2016,13:45",20.487282,44.800542,Sa poginulim,SN SA PEŠACIMA,"Prelazak pešaka sleva, van raskrsnice , bez skretanja vozila"
1131618,BEOGRAD,ZVEZDARA,"07.05.2016,12:00",20.487404,44.8005,Sa poginulim,SN SA PEŠACIMA,"Prelazak pešaka sleva, van raskrsnice , bez skretanja vozila"
1137240,BEOGRAD,ZVEZDARA,"08.06.2016,08:50",20.52743,44.76446,Sa poginulim,SN SA PEŠACIMA,"Prelazak pešaka zdesna, van raskrsnice, bez skretanja vozila"
1162755,BEOGRAD,ZVEZDARA,"31.12.2016,09:30",20.53384,44.76734,Sa poginulim,SN SA PEŠACIMA,"Prelazak pešaka zdesna, van raskrsnice, bez skretanja vozila"
1132757,BOR,BOR,"15.05.2016,15:35",22.11815,43.92728,Sa poginulim,SN SA NAJMANjE DVA VOZILA – SKRETANjE ILI PRELAZAK,Najmanje dva vozila koja se kre?u razli?itim putevima uz skretanje ulevo i uz nailazak vozila sleva
1143965,BOR,BOR,"08.08.2016,12:15",22.11972,44.04733,Sa poginulim,SN SA NAJMANjE DVA VOZILA – BEZ SKRETANjA,Ostale nezgode sa najmanje dva vozila – suprotni smerovi bez skretanja
1150783,BOR,BOR,"20.09.2016,13:00",21.96942,43.97115,Sa poginulim,SN SA JEDNIM VOZILOM,Nezgoda sa jednim vozilom – silazak sa kolovoza u krivini
1118896,BOR,KLADOVO,"29.01.2016,03:00",22.370035,44.668548,Sa poginulim,SN SA JEDNIM VOZILOM,Nezgoda sa jednim vozilom – silazak udesno sa kolovoza na pravcu
1127861,BOR,KLADOVO,"08.04.2016,10:20",22.50918,44.590834,Sa poginulim,SN SA JEDNIM VOZILOM,Nezgoda sa jednim vozilom i prevrtanjem
1159955,BOR,KLADOVO,"09.12.2016,17:15",22.576798,44.627297,Sa poginulim,SN SA PEŠACIMA,"Prelazak pešaka sleva, van raskrsnice , bez skretanja vozila"
1118317,BOR,NEGOTIN,"15.01.2016,11:20",22.47354,44.33973,Sa poginulim,SN SA NAJMANjE DVA VOZILA – BEZ SKRETANjA,Ostale nezgode sa najmanje dva vozila – suprotni smerovi bez skretanja
1116455,?A?AK,?A?AK,"02.01.2016,19:20",20.533155,43.866092,Sa poginulim,SN SA PEŠACIMA,"Prelazak pešaka preko kolovoza, van raskrsnice, bez skretanja vozila"
1120178,?A?AK,?A?AK,"07.02.2016,12:20",20.430347,43.844078,Sa poginulim,SN SA NAJMANjE DVA VOZILA – BEZ SKRETANjA,Ostale nezgode sa najmanje dva vozila – suprotni smerovi bez skretanja
1120536,?A?AK,?A?AK,"10.02.2016,12:15",20.36485,43.87147,Sa poginulim,SN SA PEŠACIMA,"Prelazak pešaka zdesna, van raskrsnice, bez skretanja vozila"
1121076,?A?AK,?A?AK,"14.02.2016,21:30",20.410185,43.927853,Sa poginulim,SN SA NAJMANjE DVA VOZILA – SKRETANjE ILI PRELAZAK,Najmanje dva vozila koja se kre?u razli?itim putevima uz skretanje udesno ispred vozila koje nailazi sleva
1129043,?A?AK,?A?AK,"18.04.2016,17:40",20.49133,43.79514,Sa poginulim,SN SA NAJMANjE DVA VOZILA – BEZ SKRETANjA,Ostale nezgode sa najmanje dva vozila – suprotni smerovi bez skretanja
1132349,?A?AK,?A?AK,"12.05.2016,03:45",20.436173,43.894194,Sa poginulim,SN SA PEŠACIMA,Pešak se kre?e duž kolovoza suprotno od smera kretanja vozila
1137435,?A?AK,?A?AK,"20.06.2016,15:25",20.198013,43.904741,Sa poginulim,SN SA NAJMANjE DVA VOZILA – SKRETANjE ILI PRELAZAK,Najmanje dva vozila koja se kre?u istim putem u suprotnim smerovima uz skretanje ulevo ispred drugog vozila
1141201,?A?AK,?A?AK,"18.07.2016,12:20",20.221873,43.910367,Sa poginulim,SN SA NAJMANjE DVA VOZILA – BEZ SKRETANjA,Najmanje dva vozila – ?eoni sudar
1144545,?A?AK,?A?AK,"13.08.2016,09:10",20.31349,43.89003,Sa poginulim,SN SA NAJMANjE DVA VOZILA – SKRETANjE ILI PRELAZAK,"Najmanje dva vozila koja se kre?u istim putem u istom smeru uz skretanje, skretanje ulevo ispred drugog vozila"
1145795,?A?AK,?A?AK,"24.08.2016,12:00",20.499156,43.8866,Sa poginulim,SN SA JEDNIM VOZILOM,Nezgoda sa jednim vozilom – silazak ulevo sa kolovoza na pravcu
1155120,?A?AK,?A?AK,"01.11.2016,03:00",20.28288,43.89667,Sa poginulim,SN SA NAJMANjE DVA VOZILA – BEZ SKRETANjA,Najmanje dva vozila – ?eoni sudar
1156556,?A?AK,?A?AK,"11.11.2016,06:45",20.529647,43.867017,Sa poginulim,SN SA NAJMANjE DVA VOZILA – SKRETANjE ILI PRELAZAK,"Najmanje dva vozila koja se kre?u razli?itim putevima uz prolazak kroz raskrsnicu, ili od kojih jedno prelazi preko kolovoza, bez skretanja"
1157687,?A?AK,?A?AK,"22.11.2016,21:10",20.190565,43.900671,Sa poginulim,SN SA NAJMANjE DVA VOZILA – SKRETANjE ILI PRELAZAK,Najmanje dva vozila koja se kre?u razli?itim putevima uz skretanje ulevo i uz nailazak vozila sleva
1162085,?A?AK,?A?AK,"27.12.2016,05:40",20.47149,43.817524,Sa poginulim,SN SA PEŠACIMA,"Prelazak pešaka zdesna, van raskrsnice, bez skretanja vozila"
1130464,?A?AK,GORNJI MILANOVAC,"22.04.2016,16:30",20.573795,44.025826,Sa poginulim,SN SA JEDNIM VOZILOM,Nezgoda sa jednim vozilom – silazak udesno sa kolovoza na pravcu
1146426,?A?AK,GORNJI MILANOVAC,"26.08.2016,13:37",20.233142,44.026907,Sa poginulim,SN SA JEDNIM VOZILOM,Nezgoda sa jednim vozilom – silazak sa kolovoza u krivini
1146448,?A?AK,GORNJI MILANOVAC,"30.08.2016,09:40",20.49074703,44.05897812,Sa poginulim,SN SA PEŠACIMA,"Prelazak pešaka sleva, van raskrsnice , bez skretanja vozila"
1149223,?A?AK,GORNJI MILANOVAC,"13.09.2016,15:10",20.425387,44.029878,Sa poginulim,SN SA NAJMANjE DVA VOZILA – BEZ SKRETANjA,Ostale nezgode sa najmanje dva vozila – suprotni smerovi bez skretanja
1144916,?A?AK,IVANJICA,"06.08.2016,04:10",20.308379,43.528192,Sa poginulim,SN SA JEDNIM VOZILOM,Nezgoda sa jednim vozilom – silazak ulevo sa kolovoza na pravcu
1150814,?A?AK,IVANJICA,"30.09.2016,22:45",20.364729,43.453685,Sa poginulim,SN SA JEDNIM VOZILOM,Nezgoda sa jednim vozilom – silazak ulevo sa kolovoza na pravcu
1141035,?A?AK,LU?ANI,"01.07.2016,14:15",20.117417,43.870627,Sa poginulim,SN SA JEDNIM VOZILOM,Nezgoda sa jednim vozilom i prevrtanjem
1145899,?A?AK,LU?ANI,"13.08.2016,15:40",20.117536,43.87037,Sa poginulim,SN SA NAJMANjE DVA VOZILA – BEZ SKRETANjA,Ostale nezgode sa najmanje dva vozila – suprotni smerovi bez skretanja
1138070,JAGODINA,?UPRIJA,"25.06.2016,17:00",21.440318,44.025844,Sa poginulim,SN SA JEDNIM VOZILOM,Nezgoda sa jednim vozilom – silazak ulevo sa kolovoza na pravcu
1156399,JAGODINA,?UPRIJA,"12.11.2016,13:30",21.377694,43.936666,Sa poginulim,SN SA PARKIRANIM VOZILIMA,Ostali sudari sa parkiranim vozilom
1116920,JAGODINA,JAGODINA,"12.01.2016,18:40",21.135426,43.928235,Sa poginulim,SN SA NAJMANjE DVA VOZILA – BEZ SKRETANjA,Najmanje dva vozila – ?eoni sudar
1118587,JAGODINA,JAGODINA,"27.01.2016,07:30",21.17443,44.085315,Sa poginulim,SN SA PARKIRANIM VOZILIMA,Sudar sa parkiranim vozilom sa leve strane kolovoza
1121837,JAGODINA,JAGODINA,"21.02.2016,19:15",21.219977,43.939245,Sa poginulim,SN SA JEDNIM VOZILOM,Nezgoda sa jednim vozilom i prevrtanjem
1121837,JAGODINA,JAGODINA,"21.02.2016,19:15",21.219977,43.939245,Sa poginulim,SN SA JEDNIM VOZILOM,Nezgoda sa jednim vozilom – silazak sa kolovoza u krivini
1129879,JAGODINA,JAGODINA,"24.04.2016,19:40",21.262554,43.996052,Sa poginulim,SN SA NAJMANjE DVA VOZILA – SKRETANjE ILI PRELAZAK,Najmanje dva vozila koja se kre?u istim putem u suprotnim smerovima i vrše skretanje na isti put
1132658,JAGODINA,JAGODINA,"10.05.2016,18:40",21.260755,44.029082,Sa poginulim,SN SA NAJMANjE DVA VOZILA – BEZ SKRETANjA,Najmanje dva vozila – ?eoni sudar
1132259,JAGODINA,JAGODINA,"12.05.2016,10:45",21.303232,43.969768,Sa poginulim,SN SA JEDNIM VOZILOM,Nezgoda sa jednim vozilom – silazak udesno sa kolovoza na pravcu
1139093,JAGODINA,JAGODINA,"03.07.2016,05:00",21.260029,44.002006,Sa poginulim,SN SA JEDNIM VOZILOM,Nezgoda sa jednim vozilom na kolovozu
1154609,JAGODINA,JAGODINA,"29.10.2016,19:30",21.218315,43.938179,Sa poginulim,SN SA PEŠACIMA,Pešak se kre?e duž kolovoza u smeru kretanja vozila
1122666,JAGODINA,PARA?IN,"29.02.2016,00:05",21.366578,43.834752,Sa poginulim,SN SA JEDNIM VOZILOM,Nezgoda sa jednim vozilom – silazak udesno sa kolovoza na pravcu
1152121,JAGODINA,REKOVAC,"11.10.2016,14:40",21.17541382,43.82221705,Sa poginulim,SN SA NAJMANjE DVA VOZILA – BEZ SKRETANjA,Ostale nezgode sa najmanje dva vozila – suprotni smerovi bez skretanja
1126817,JAGODINA,SVILAJNAC,"02.04.2016,07:50",21.21607,44.21864,Sa poginulim,SN SA PEŠACIMA,"Prelazak pešaka zdesna, van raskrsnice, bez skretanja vozila"
1142287,JAGODINA,SVILAJNAC,"27.07.2016,22:25",21.220145,44.217391,Sa poginulim,SN SA NAJMANjE DVA VOZILA – SKRETANjE ILI PRELAZAK,Najmanje dva vozila koja se kre?u razli?itim putevima uz skretanje ulevo i uz nailazak vozila sleva
1131176,KIKINDA,?OKA,"21.04.2016,01:30",20.232348,45.838267,Sa poginulim,SN SA JEDNIM VOZILOM,Nezgoda sa jednim vozilom – silazak ulevo sa kolovoza na pravcu
1159815,KIKINDA,?OKA,"01.12.2016,17:00",20.163512,45.941441,Sa poginulim,SN SA NAJMANjE DVA VOZILA – BEZ SKRETANjA,Najmanje dva vozila koja se kre?u u istom smeru – sustizanje
1116708,KIKINDA,KANJIŽA,"11.01.2016,18:10",19.998139,46.131442,Sa poginulim,SN SA NAJMANjE DVA VOZILA – BEZ SKRETANjA,Najmanje dva vozila koja se kre?u u istom smeru – sustizanje
1117897,KIKINDA,KANJIŽA,"21.01.2016,22:35",20.034094,46.090198,Sa poginulim,SN SA NAJMANjE DVA VOZILA – BEZ SKRETANjA,Najmanje dva vozila koja se kre?u u istom smeru – sustizanje
1132559,KIKINDA,KANJIŽA,"14.05.2016,20:43",20.03477,46.08984,Sa poginulim,SN SA NAJMANjE DVA VOZILA – SKRETANjE ILI PRELAZAK,Najmanje dva vozila koja se kre?u razli?itim putevima uz skretanje ulevo i uz nailazak vozila sleva
1127638,KIKINDA,KIKINDA,"05.04.2016,19:40",20.44732,45.90277,Sa poginulim,SN SA JEDNIM VOZILOM,Nezgoda sa jednim vozilom – silazak udesno sa kolovoza na pravcu
1133181,KIKINDA,KIKINDA,"19.05.2016,17:25",20.409966,45.635049,Sa poginulim,SN SA NAJMANjE DVA VOZILA – BEZ SKRETANjA,Ostale nezgode sa najmanje dva vozila – suprotni smerovi bez skretanja
1135278,KIKINDA,KIKINDA,"03.06.2016,14:15",20.394039,45.60407,Sa poginulim,SN SA NAJMANjE DVA VOZILA – SKRETANjE ILI PRELAZAK,Najmanje dva vozila koja se kre?u istim putem u suprotnim smerovima uz skretanje ulevo ispred drugog vozila
1143352,KIKINDA,KIKINDA,"04.08.2016,13:15",20.438459,45.626731,Sa poginulim,SN SA JEDNIM VOZILOM,"Nezgoda sa jednim vozilom bez prepreka na kolovozu na nepoznat, nespecificiran na?in"
1139070,KIKINDA,SENTA,"03.07.2016,02:55",20.017483,45.919549,Sa poginulim,SN SA JEDNIM VOZILOM,Nezgoda sa jednim vozilom – silazak udesno sa kolovoza na pravcu
1123106,KRAGUJEVAC,BATO?INA,"02.03.2016,22:40",21.121455,44.139202,Sa poginulim,SN SA JEDNIM VOZILOM,Nezgode sa u?eš?em šinskog i drumskog vozila
1145171,KRAGUJEVAC,BATO?INA,"19.08.2016,13:10",21.029755,44.121163,Sa poginulim,SN SA JEDNIM VOZILOM,Nezgoda sa jednim vozilom i prevrtanjem
1126969,KRAGUJEVAC,KNI?,"03.04.2016,23:15",20.794383,43.945438,Sa poginulim,SN SA JEDNIM VOZILOM,Nezgoda sa jednim vozilom – silazak sa kolovoza u krivini
1118501,KRAGUJEVAC,KRAGUJEVAC,"27.01.2016,05:40",20.905292,44.023652,Sa poginulim,SN SA JEDNIM VOZILOM,Nezgoda sa jednim vozilom – silazak ulevo sa kolovoza na pravcu
1118830,KRAGUJEVAC,KRAGUJEVAC,"28.01.2016,21:10",20.831257,44.067568,Sa poginulim,SN SA JEDNIM VOZILOM,Nezgoda sa jednim vozilom – silazak udesno sa kolovoza na pravcu
1127081,KRAGUJEVAC,KRAGUJEVAC,"04.04.2016,13:45",20.88122,44.02915,Sa poginulim,SN SA JEDNIM VOZILOM,Nezgoda sa jednim vozilom i prevrtanjem
1128987,KRAGUJEVAC,KRAGUJEVAC,"19.04.2016,00:30",20.87362,44.00266,Sa poginulim,SN SA PEŠACIMA,"Prelazak pešaka sleva, van raskrsnice , bez skretanja vozila"
1129620,KRAGUJEVAC,KRAGUJEVAC,"22.04.2016,18:00",20.93413,44.01283,Sa poginulim,SN SA NAJMANjE DVA VOZILA – SKRETANjE ILI PRELAZAK,Najmanje dva vozila koja se kre?u razli?itim putevima uz skretanje ulevo i uz nailazak vozila zdesna
1132861,KRAGUJEVAC,KRAGUJEVAC,"17.05.2016,12:15",20.85391,43.98966,Sa poginulim,SN SA NAJMANjE DVA VOZILA – SKRETANjE ILI PRELAZAK,Ostale nezgode sa najmanje dva vozila koja se kre?u razli?itim putevima uz skretanje
1134516,KRAGUJEVAC,KRAGUJEVAC,"29.05.2016,19:30",20.805937,44.134529,Sa poginulim,SN SA NAJMANjE DVA VOZILA – BEZ SKRETANjA,Najmanje dva vozila – ?eoni sudar
1144685,KRAGUJEVAC,KRAGUJEVAC,"15.08.2016,13:50",20.961024,43.992445,Sa poginulim,SN SA PARKIRANIM VOZILIMA,Ostali sudari sa parkiranim vozilom
1144917,KRAGUJEVAC,KRAGUJEVAC,"17.08.2016,07:00",20.901803,44.049891,Sa poginulim,SN SA PEŠACIMA,Pešak se kre?e duž kolovoza suprotno od smera kretanja vozila
1154315,KRAGUJEVAC,KRAGUJEVAC,"27.10.2016,13:00",21.060985,44.049893,Sa poginulim,SN SA JEDNIM VOZILOM,Nezgoda sa jednim vozilom – silazak sa kolovoza u krivini
1158262,KRAGUJEVAC,KRAGUJEVAC,"27.11.2016,18:00",20.851585,44.027342,Sa poginulim,SN SA PEŠACIMA,"Prelazak pešaka sleva, van raskrsnice , bez skretanja vozila"
1160324,KRAGUJEVAC,KRAGUJEVAC,"13.12.2016,08:30",20.926916,44.005872,Sa poginulim,SN SA PEŠACIMA,"Prelazak pešaka sleva, van raskrsnice , bez skretanja vozila"
1151372,KRAGUJEVAC,LAPOVO,"05.10.2016,19:00",21.12006849,44.19774836,Sa poginulim,SN SA PEŠACIMA,Pešak se kre?e duž kolovoza ili stoji na kolovozu
1129692,KRAGUJEVAC,TOPOLA,"23.04.2016,02:40",20.67839,44.23442,Sa poginulim,SN SA JEDNIM VOZILOM,Nezgoda sa jednim vozilom – silazak udesno sa kolovoza na pravcu
1129692,KRAGUJEVAC,TOPOLA,"23.04.2016,02:40",20.67839,44.23442,Sa poginulim,SN SA JEDNIM VOZILOM,Nezgode sa u?eš?em jednog vozila na mestu na kome se izvode radovi na putu
1136551,KRAGUJEVAC,TOPOLA,"13.06.2016,11:50",20.67937,44.21417,Sa poginulim,SN SA JEDNIM VOZILOM,Nezgoda sa jednim vozilom – silazak sa kolovoza u krivini
1144527,KRAGUJEVAC,TOPOLA,"13.08.2016,21:00",20.792474,44.252155,Sa poginulim,SN SA PEŠACIMA,Pešak se kre?e duž kolovoza suprotno od smera kretanja vozila
1125116,KRALJEVO,KRALJEVO,"18.03.2016,18:15",20.877834,43.822476,Sa poginulim,SN SA JEDNIM VOZILOM,Nezgoda sa jednim vozilom i prevrtanjem
1128730,KRALJEVO,KRALJEVO,"16.04.2016,19:30",20.61651,43.689629,Sa poginulim,SN SA JEDNIM VOZILOM,Nezgoda sa jednim vozilom na kolovozu
1134556,KRALJEVO,KRALJEVO,"30.05.2016,04:05",20.627621,43.786153,Sa poginulim,SN SA JEDNIM VOZILOM,Nezgoda sa jednim vozilom – silazak udesno sa kolovoza na pravcu
1140833,KRALJEVO,KRALJEVO,"15.07.2016,19:45",20.692407,43.722244,Sa poginulim,SN SA PEŠACIMA,"Prelazak pešaka sleva, van raskrsnice , bez skretanja vozila"
1143293,KRALJEVO,KRALJEVO,"03.08.2016,22:00",20.707642,43.704429,Sa poginulim,SN SA NAJMANjE DVA VOZILA – SKRETANjE ILI PRELAZAK,Najmanje dva vozila koja se kre?u istim putem u suprotnim smerovima uz skretanje ulevo ispred drugog vozila
1144531,KRALJEVO,KRALJEVO,"13.08.2016,22:40",20.71695,43.703313,Sa poginulim,SN SA NAJMANjE DVA VOZILA – BEZ SKRETANjA,Najmanje dva vozila koja se kre?u u istom smeru – sustizanje
1145906,KRALJEVO,KRALJEVO,"25.08.2016,21:20",20.707351,43.704459,Sa poginulim,SN SA PEŠACIMA,Pešak se kre?e duž kolovoza suprotno od smera kretanja vozila
1151037,KRALJEVO,KRALJEVO,"03.10.2016,20:05",20.67619,43.4496,Sa poginulim,SN SA JEDNIM VOZILOM,Nezgoda sa jednim vozilom – silazak sa kolovoza u krivini
1151953,KRALJEVO,KRALJEVO,"09.10.2016,14:45",20.646545,43.759799,Sa poginulim,SN SA JEDNIM VOZILOM,Nezgode sa u?eš?em šinskog i drumskog vozila
1153628,KRALJEVO,KRALJEVO,"20.10.2016,12:30",20.86031,43.695376,Sa poginulim,SN SA NAJMANjE DVA VOZILA – SKRETANjE ILI PRELAZAK,"Najmanje dva vozila koja se kre?u istim putem u istom smeru uz skretanje, skretanje ulevo ispred drugog vozila"
1157983,KRALJEVO,KRALJEVO,"18.11.2016,19:29",20.641801,43.764988,Sa poginulim,SN SA NAJMANjE DVA VOZILA – SKRETANjE ILI PRELAZAK,Najmanje dva vozila koja se kre?u istim putem u suprotnim smerovima uz skretanje ulevo ispred drugog vozila
1140277,KRALJEVO,RAŠKA,"11.07.2016,15:00",20.643224,43.364526,Sa poginulim,SN SA NAJMANjE DVA VOZILA – SKRETANjE ILI PRELAZAK,Najmanje dva vozila koja se kre?u razli?itim putevima uz skretanje ulevo i uz nailazak vozila zdesna
1153350,KRALJEVO,RAŠKA,"18.10.2016,15:00",20.45521,43.301065,Sa poginulim,SN SA JEDNIM VOZILOM,Nezgoda sa jednim vozilom – silazak udesno sa kolovoza na pravcu
1154473,KRALJEVO,RAŠKA,"24.10.2016,11:50",20.577396,43.234729,Sa poginulim,SN SA JEDNIM VOZILOM,Nezgoda sa jednim vozilom – silazak sa kolovoza u krivini
1115946,KRALJEVO,VRNJA?KA BANJA,"02.01.2016,19:30",20.851717,43.661161,Sa poginulim,SN SA PEŠACIMA,"Prelazak pešaka sleva, van raskrsnice , bez skretanja vozila"
1119454,KRALJEVO,VRNJA?KA BANJA,"02.02.2016,07:10",20.846334,43.665611,Sa poginulim,SN SA NAJMANjE DVA VOZILA – BEZ SKRETANjA,Najmanje dva vozila – ?eoni sudar
1117167,KRUŠEVAC,ALEKSANDROVAC,"12.01.2016,06:14",21.09559,43.457859,Sa poginulim,SN SA PEŠACIMA,"Prelazak pešaka sleva, u raskrsnici, bez skretanja vozila"
1139091,KRUŠEVAC,ALEKSANDROVAC,"02.07.2016,21:40",21.161595,43.504825,Sa poginulim,SN SA NAJMANjE DVA VOZILA – SKRETANjE ILI PRELAZAK,Najmanje dva vozila koja se kre?u razli?itim putevima uz skretanje ulevo i uz nailazak vozila sleva
1125647,KRUŠEVAC,BRUS,"23.03.2016,21:30",21.10492,43.34487,Sa poginulim,SN SA PEŠACIMA,Pešak se kre?e duž kolovoza u smeru kretanja vozila
1157960,KRUŠEVAC,BRUS,"25.11.2016,05:55",21.057818,43.368239,Sa poginulim,SN SA NAJMANjE DVA VOZILA – BEZ SKRETANjA,Najmanje dva vozila koja se kre?u u istom smeru – sustizanje
1119951,KRUŠEVAC,?I?EVAC,"05.02.2016,19:40",21.450135,43.749813,Sa poginulim,SN SA PEŠACIMA,Pešak se kre?e duž kolovoza ili stoji na kolovozu
1121729,KRUŠEVAC,?I?EVAC,"21.02.2016,17:55",21.44259,43.726731,Sa poginulim,SN SA PEŠACIMA,"Prelazak pešaka sleva, van raskrsnice , bez skretanja vozila"
1120296,KRUŠEVAC,KRUŠEVAC,"09.02.2016,14:00",21.22226,43.42612,Sa poginulim,SN SA JEDNIM VOZILOM,Nezgoda sa jednim vozilom i prevrtanjem
1128510,KRUŠEVAC,KRUŠEVAC,"15.04.2016,01:40",21.27684,43.48557,Sa poginulim,SN SA JEDNIM VOZILOM,Nezgoda sa jednim vozilom – silazak udesno sa kolovoza na pravcu
1132624,KRUŠEVAC,KRUŠEVAC,"15.05.2016,16:15",21.3493,43.57205,Sa poginulim,SN SA JEDNIM VOZILOM,Nezgoda sa jednim vozilom – silazak sa kolovoza u krivini
1141577,KRUŠEVAC,KRUŠEVAC,"21.07.2016,19:15",21.202225,43.426697,Sa poginulim,SN SA JEDNIM VOZILOM,Nezgoda sa jednim vozilom – silazak ulevo sa kolovoza na pravcu
1141823,KRUŠEVAC,KRUŠEVAC,"24.07.2016,03:00",21.336971,43.568894,Sa poginulim,SN SA JEDNIM VOZILOM,Nezgoda sa jednim vozilom i prevrtanjem
1142261,KRUŠEVAC,KRUŠEVAC,"27.07.2016,18:00",21.268323,43.453173,Sa poginulim,SN SA NAJMANjE DVA VOZILA – SKRETANjE ILI PRELAZAK,"Najmanje dva vozila koja se kre?u istim putem u istom smeru uz skretanje, sudar u sustizanju"
1148924,KRUŠEVAC,KRUŠEVAC,"18.09.2016,19:00",21.210777,43.433157,Sa poginulim,SN SA PARKIRANIM VOZILIMA,Sudar sa parkiranim vozilom sa desne strane kolovoza
1154986,KRUŠEVAC,KRUŠEVAC,"01.11.2016,18:40",21.25853,43.564959,Sa poginulim,SN SA PEŠACIMA,Pešak stoji na kolovozu
1155525,KRUŠEVAC,KRUŠEVAC,"04.11.2016,20:30",21.348445,43.568752,Sa poginulim,SN SA NAJMANjE DVA VOZILA – BEZ SKRETANjA,Ostale nezgode sa najmanje dva vozila – suprotni smerovi bez skretanja
1130679,KRUŠEVAC,TRSTENIK,"29.04.2016,07:40",21.147679,43.626269,Sa poginulim,SN SA JEDNIM VOZILOM,Nezgoda sa jednim vozilom i prevrtanjem
1134315,KRUŠEVAC,TRSTENIK,"28.05.2016,15:00",20.967527,43.630688,Sa poginulim,SN SA NAJMANjE DVA VOZILA – BEZ SKRETANjA,Ostale nezgode sa najmanje dva vozila – suprotni smerovi bez skretanja
1142950,KRUŠEVAC,TRSTENIK,"01.08.2016,18:30",20.97026,43.629654,Sa poginulim,SN SA NAJMANjE DVA VOZILA – BEZ SKRETANjA,Ostale nezgode sa najmanje dva vozila – suprotni smerovi bez skretanja
1154691,KRUŠEVAC,TRSTENIK,"30.10.2016,17:30",21.097308,43.544267,Sa poginulim,SN SA PEŠACIMA,Pešak se kre?e duž kolovoza u smeru kretanja vozila
1159560,KRUŠEVAC,TRSTENIK,"07.12.2016,01:45",21.0526307,43.62894436,Sa poginulim,SN SA JEDNIM VOZILOM,Nezgoda sa jednim vozilom – silazak ulevo sa kolovoza na pravcu
1150042,KRUŠEVAC,VARVARIN,"22.09.2016,08:45",21.362595,43.663087,Sa poginulim,SN SA PEŠACIMA,Pešak se na trotoaru ili biciklisti?koj stazi kre?e u smeru kretanja vozila
1146550,LESKOVAC,LEBANE,"15.08.2016,05:55",21.78147301,42.9390805,Sa poginulim,SN SA NAJMANjE DVA VOZILA – BEZ SKRETANjA,Najmanje dva vozila koja se kre?u u istom smeru – sustizanje
1120578,LESKOVAC,LESKOVAC,"11.02.2016,20:14",21.93921,43.08342,Sa poginulim,SN SA PEŠACIMA,Pešak se kre?e duž kolovoza u smeru kretanja vozila
1120981,LESKOVAC,LESKOVAC,"16.02.2016,19:20",22.000733,43.009522,Sa poginulim,SN SA NAJMANjE DVA VOZILA – BEZ SKRETANjA,Najmanje dva vozila koja se kre?u u istom smeru – sustizanje
1129678,LESKOVAC,LESKOVAC,"22.04.2016,23:00",21.86032,43.01671,Sa poginulim,SN SA NAJMANjE DVA VOZILA – BEZ SKRETANjA,Ostale nezgode sa najmanje dva vozila – suprotni smerovi bez skretanja
1129727,LESKOVAC,LESKOVAC,"23.04.2016,18:45",21.91016,42.99734,Sa poginulim,SN SA PEŠACIMA,Pešak se kre?e duž kolovoza u smeru kretanja vozila
1136442,LESKOVAC,LESKOVAC,"12.06.2016,14:30",22.11807,43.08448,Sa poginulim,SN SA JEDNIM VOZILOM,Nezgoda sa jednim vozilom – silazak ulevo sa kolovoza na pravcu
1137909,LESKOVAC,LESKOVAC,"23.06.2016,06:25",21.91788,42.89394,Sa poginulim,SN SA NAJMANjE DVA VOZILA – BEZ SKRETANjA,Najmanje dva vozila – ?eoni sudar
1144972,LESKOVAC,LESKOVAC,"17.08.2016,18:55",21.938234,43.086371,Sa poginulim,SN SA NAJMANjE DVA VOZILA – SKRETANjE ILI PRELAZAK,"Najmanje dva vozila koja se kre?u istim putem u istom smeru uz skretanje, skretanje ulevo ispred drugog vozila"
1150312,LESKOVAC,LESKOVAC,"28.09.2016,21:30",22.03518,43.03363,Sa poginulim,SN SA JEDNIM VOZILOM,Nezgoda sa jednim vozilom na kolovozu
1152547,LESKOVAC,LESKOVAC,"14.10.2016,19:30",21.947557,42.933482,Sa poginulim,SN SA NAJMANjE DVA VOZILA – BEZ SKRETANjA,Najmanje dva vozila koja se kre?u u istom smeru – preticanje
1155594,LESKOVAC,LESKOVAC,"05.11.2016,13:30",22.009329,43.043806,Sa poginulim,SN SA JEDNIM VOZILOM,Nezgoda sa jednim vozilom i prevrtanjem
1156409,LESKOVAC,LESKOVAC,"12.11.2016,16:15",21.938639,43.000053,Sa poginulim,SN SA PEŠACIMA,"Prelazak pešaka sleva, van raskrsnice , bez skretanja vozila"
1119099,NIŠ,ALEKSINAC,"30.01.2016,18:05",21.71847,43.48007,Sa poginulim,SN SA NAJMANjE DVA VOZILA – BEZ SKRETANjA,Najmanje dva vozila koja se kre?u u istom smeru – sustizanje
1137688,NIŠ,ALEKSINAC,"21.06.2016,03:30",21.677231,43.568211,Sa poginulim,SN SA JEDNIM VOZILOM,Nezgoda sa jednim vozilom i prevrtanjem
1138710,NIŠ,ALEKSINAC,"30.06.2016,12:30",21.700421,43.531194,Sa poginulim,SN SA JEDNIM VOZILOM,Nezgoda sa jednim vozilom – silazak udesno sa kolovoza na pravcu
1138919,NIŠ,ALEKSINAC,"01.07.2016,21:15",21.712242,43.491217,Sa poginulim,SN SA NAJMANjE DVA VOZILA – BEZ SKRETANjA,Najmanje dva vozila koja se kre?u u istom smeru – sustizanje
1139181,NIŠ,ALEKSINAC,"03.07.2016,19:30",21.69253,43.510119,Sa poginulim,SN SA JEDNIM VOZILOM,Nezgoda sa jednim vozilom – silazak udesno sa kolovoza na pravcu
1139538,NIŠ,ALEKSINAC,"06.07.2016,06:00",21.6711397,43.57394,Sa poginulim,SN SA NAJMANjE DVA VOZILA – BEZ SKRETANjA,Najmanje dva vozila koja se kre?u u istom smeru – sustizanje
1143544,NIŠ,ALEKSINAC,"06.08.2016,04:31",21.713483,43.528768,Sa poginulim,SN SA PEŠACIMA,Pešak stoji na kolovozu
1146303,NIŠ,ALEKSINAC,"28.08.2016,23:00",21.7806,43.47012,Sa poginulim,SN SA PEŠACIMA,"Prelazak pešaka sleva, van raskrsnice , bez skretanja vozila"
1151759,NIŠ,ALEKSINAC,"08.10.2016,18:20",21.704489,43.499305,Sa poginulim,SN SA NAJMANjE DVA VOZILA – BEZ SKRETANjA,Najmanje dva vozila – ?eoni sudar
1155698,NIŠ,ALEKSINAC,"06.11.2016,12:20",21.583435,43.572319,Sa poginulim,SN SA JEDNIM VOZILOM,Nezgode sa u?eš?em šinskog i drumskog vozila
1162256,NIŠ,ALEKSINAC,"29.12.2016,03:20",21.79777,43.45145,Sa poginulim,SN SA JEDNIM VOZILOM,Nezgoda sa jednim vozilom – silazak ulevo sa kolovoza na pravcu
1146562,NIŠ,MEROŠINA,"29.08.2016,13:45",21.653862,43.255903,Sa poginulim,SN SA JEDNIM VOZILOM,Nezgoda sa jednim vozilom – silazak ulevo sa kolovoza na pravcu
1116840,NIŠ,NIŠ,"12.01.2016,19:45",21.825041,43.376949,Sa poginulim,SN SA PEŠACIMA,Pešak se kre?e duž kolovoza u smeru kretanja vozila
1117548,NIŠ,NIŠ,"17.01.2016,12:10",21.839981,43.365829,Sa poginulim,SN SA NAJMANjE DVA VOZILA – BEZ SKRETANjA,Najmanje dva vozila – ?eoni sudar
1119132,NIŠ,NIŠ,"27.01.2016,20:30",21.844501,43.316995,Sa poginulim,SN SA NAJMANjE DVA VOZILA – SKRETANjE ILI PRELAZAK,Najmanje dva vozila koja se kre?u istim putem u suprotnim smerovima uz skretanje ulevo ispred drugog vozila
1121652,NIŠ,NIŠ,"19.02.2016,18:20",21.882903,43.31527,Sa poginulim,SN SA PEŠACIMA,"Prelazak pešaka sleva, u raskrsnici, bez skretanja vozila"
1131615,NIŠ,NIŠ,"06.05.2016,16:35",21.935211,43.318801,Sa poginulim,SN SA JEDNIM VOZILOM,Nezgoda sa jednim vozilom na kolovozu
1134915,NIŠ,NIŠ,"17.05.2016,12:15",21.922772,43.329566,Sa poginulim,SN SA PEŠACIMA,"Pešak stoji ili se kre?e, sa kretanjem vozila unazad"
1134016,NIŠ,NIŠ,"21.05.2016,09:45",21.926515,43.322833,Sa poginulim,SN SA PEŠACIMA,"Prelazak pešaka sleva, sa skretanjem vozila udesno, u raskrsnici"
1134742,NIŠ,NIŠ,"24.05.2016,20:40",21.887921,43.317543,Sa poginulim,SN SA PEŠACIMA,"Prelazak pešaka sleva, van raskrsnice , bez skretanja vozila"
1137127,NIŠ,NIŠ,"09.06.2016,06:45",21.920039,43.343751,Sa poginulim,SN SA PEŠACIMA,"Prelazak pešaka sleva, van raskrsnice , bez skretanja vozila"
1139114,NIŠ,NIŠ,"02.07.2016,05:20",21.814338,43.333008,Sa poginulim,SN SA JEDNIM VOZILOM,Nezgoda sa jednim vozilom – silazak udesno sa kolovoza na pravcu
1144132,NIŠ,NIŠ,"01.08.2016,07:55",21.919665,43.329392,Sa poginulim,SN SA PEŠACIMA,"Prelazak pešaka sleva, u raskrsnici, bez skretanja vozila"
1143617,NIŠ,NIŠ,"05.08.2016,15:50",21.92348,43.246803,Sa poginulim,SN SA JEDNIM VOZILOM,Nezgoda sa jednim vozilom i prevrtanjem
1155399,NIŠ,NIŠ,"06.10.2016,08:20",21.923588,43.318036,Sa poginulim,SN SA PEŠACIMA,"Pešak stoji ili se kre?e, sa kretanjem vozila unazad"
1125459,NIŠ,SVRLJIG,"22.03.2016,11:50",22.01066,43.41613,Sa poginulim,SN SA JEDNIM VOZILOM,Nezgoda sa jednim vozilom – silazak ulevo sa kolovoza na pravcu
1140534,NOVI PAZAR,NOVI PAZAR,"09.07.2016,22:45",20.44024,43.14767,Sa poginulim,SN SA JEDNIM VOZILOM,Nezgoda sa jednim vozilom – silazak sa kolovoza u krivini
1141289,NOVI PAZAR,NOVI PAZAR,"15.07.2016,19:50",20.519085,43.126557,Sa poginulim,SN SA JEDNIM VOZILOM,Nezgoda sa jednim vozilom i prevrtanjem
1149257,NOVI PAZAR,NOVI PAZAR,"17.09.2016,05:40",20.529381,43.149066,Sa poginulim,SN SA PARKIRANIM VOZILIMA,Sudar sa parkiranim vozilom sa leve strane kolovoza
1155474,NOVI PAZAR,NOVI PAZAR,"29.10.2016,23:30",20.44,43.27867,Sa poginulim,SN SA JEDNIM VOZILOM,"Nezgoda sa jednim vozilom bez prepreka na kolovozu na nepoznat, nespecificiran na?in"
1159192,NOVI PAZAR,NOVI PAZAR,"03.11.2016,12:40",20.425092,43.095627,Sa poginulim,SN SA JEDNIM VOZILOM,Nezgoda sa jednim vozilom – silazak udesno sa kolovoza na pravcu
1130687,NOVI PAZAR,SJENICA,"28.04.2016,20:10",20.07391,43.25661,Sa poginulim,SN SA NAJMANjE DVA VOZILA – SKRETANjE ILI PRELAZAK,Najmanje dva vozila koja se kre?u istim putem u suprotnim smerovima uz skretanje ulevo ispred drugog vozila
1135033,NOVI PAZAR,TUTIN,"30.05.2016,14:10",20.435544,43.000237,Sa poginulim,SN SA NAJMANjE DVA VOZILA – SKRETANjE ILI PRELAZAK,Ostale nezgode sa najmanje dva vozila koja se kre?u istim putem u suprotnim smerovima uz skretanje
1120685,NOVI SAD,BA?KA PALANKA,"12.02.2016,16:40",19.401946,45.250835,Sa poginulim,SN SA NAJMANjE DVA VOZILA – BEZ SKRETANjA,Ostale nezgode sa najmanje dva vozila – suprotni smerovi bez skretanja
1126334,NOVI SAD,BA?KA PALANKA,"29.03.2016,18:15",19.4338589,45.3012038,Sa poginulim,SN SA NAJMANjE DVA VOZILA – SKRETANjE ILI PRELAZAK,"Najmanje dva vozila koja se kre?u istim putem u istom smeru uz skretanje, skretanje ulevo ispred drugog vozila"
1141728,NOVI SAD,BA?KA PALANKA,"23.07.2016,00:40",19.281739,45.36485,Sa poginulim,SN SA JEDNIM VOZILOM,Nezgoda sa jednim vozilom i prevrtanjem
1147114,NOVI SAD,BA?KA PALANKA,"04.09.2016,12:20",19.45297,45.47265,Sa poginulim,SN SA NAJMANjE DVA VOZILA – SKRETANjE ILI PRELAZAK,"Najmanje dva vozila koja se kre?u razli?itim putevima uz prolazak kroz raskrsnicu, ili od kojih jedno prelazi preko kolovoza, bez skretanja"
1151999,NOVI SAD,BA?KA PALANKA,"10.10.2016,19:50",19.38855,45.42541,Sa poginulim,SN SA NAJMANjE DVA VOZILA – BEZ SKRETANjA,Najmanje dva vozila – ?eoni sudar
1158278,NOVI SAD,BA?KA PALANKA,"28.11.2016,00:30",19.41615214,45.24904144,Sa poginulim,SN SA NAJMANjE DVA VOZILA – BEZ SKRETANjA,Najmanje dva vozila koja se kre?u u istom smeru – preticanje
1137860,NOVI SAD,BE?EJ,"24.06.2016,00:30",20.04296,45.53545,Sa poginulim,SN SA JEDNIM VOZILOM,Nezgoda sa jednim vozilom i prevrtanjem
1140026,NOVI SAD,BE?EJ,"09.07.2016,19:30",20.02202,45.57083,Sa poginulim,SN SA JEDNIM VOZILOM,Nezgoda sa jednim vozilom – silazak sa kolovoza u krivini
1122907,NOVI SAD,NOVI SAD,"01.03.2016,10:25",19.82431,45.25201,Sa poginulim,SN SA NAJMANjE DVA VOZILA – SKRETANjE ILI PRELAZAK,"Najmanje dva vozila koja se kre?u istim putem u istom smeru uz skretanje, skretanje ulevo ispred drugog vozila"
1124718,NOVI SAD,NOVI SAD,"16.03.2016,07:27",19.825007,45.247068,Sa poginulim,SN SA PEŠACIMA,"Prelazak pešaka sleva, van raskrsnice , bez skretanja vozila"
1124800,NOVI SAD,NOVI SAD,"16.03.2016,05:35",19.82208,45.29783,Sa poginulim,SN SA NAJMANjE DVA VOZILA – BEZ SKRETANjA,Najmanje dva vozila – ?eoni sudar
1132966,NOVI SAD,NOVI SAD,"18.05.2016,12:30",20.07657,45.18772,Sa poginulim,SN SA PARKIRANIM VOZILIMA,Sudar sa parkiranim vozilom sa desne strane kolovoza
1137181,NOVI SAD,NOVI SAD,"18.06.2016,07:00",19.912642,45.307419,Sa poginulim,SN SA JEDNIM VOZILOM,Nezgoda sa jednim vozilom – silazak sa kolovoza u krivini
1140115,NOVI SAD,NOVI SAD,"11.07.2016,02:00",19.95816,45.26801,Sa poginulim,SN SA NAJMANjE DVA VOZILA – BEZ SKRETANjA,Najmanje dva vozila koja se kre?u u istom smeru – sustizanje
1141550,NOVI SAD,NOVI SAD,"29.07.2016,12:00",19.922891,45.316611,Sa poginulim,SN SA NAJMANjE DVA VOZILA – SKRETANjE ILI PRELAZAK,"Najmanje dva vozila koja se kre?u razli?itim putevima uz prolazak kroz raskrsnicu, ili od kojih jedno prelazi preko kolovoza, bez skretanja"
1143596,NOVI SAD,NOVI SAD,"06.08.2016,10:15",19.829271,45.313016,Sa poginulim,SN SA NAJMANjE DVA VOZILA – SKRETANjE ILI PRELAZAK,Najmanje dva vozila koja se kre?u istim putem u suprotnim smerovima uz skretanje ulevo ispred drugog vozila
1144488,NOVI SAD,NOVI SAD,"13.08.2016,12:10",19.827622,45.280665,Sa poginulim,SN SA NAJMANjE DVA VOZILA – BEZ SKRETANjA,Ostale nezgode sa najmanje dva vozila – suprotni smerovi bez skretanja
1146083,NOVI SAD,NOVI SAD,"27.08.2016,06:02",19.83453,45.272162,Sa poginulim,SN SA JEDNIM VOZILOM,Nezgoda sa jednim vozilom – silazak udesno sa kolovoza na pravcu
1146205,NOVI SAD,NOVI SAD,"28.08.2016,06:00",19.8322,45.153283,Sa poginulim,SN SA JEDNIM VOZILOM,Nezgoda sa jednim vozilom – silazak sa kolovoza u krivini
1146765,NOVI SAD,NOVI SAD,"01.09.2016,05:50",19.82807,45.27979,Sa poginulim,SN SA PEŠACIMA,"Prelazak pešaka zdesna, van raskrsnice, bez skretanja vozila"
1152111,NOVI SAD,NOVI SAD,"11.10.2016,19:45",19.788682,45.243146,Sa poginulim,SN SA NAJMANjE DVA VOZILA – BEZ SKRETANjA,Najmanje dva vozila koja se kre?u u istom smeru – sudar pri uporednoj vožnji
1155972,NOVI SAD,NOVI SAD,"09.11.2016,01:40",19.835277,45.364666,Sa poginulim,SN SA NAJMANjE DVA VOZILA – BEZ SKRETANjA,Najmanje dva vozila koja se kre?u u istom smeru – sustizanje
1157937,NOVI SAD,NOVI SAD,"25.11.2016,01:24",19.78584,45.32396,Sa poginulim,SN SA PEŠACIMA,Pešak se kre?e duž kolovoza u smeru kretanja vozila
1160656,NOVI SAD,NOVI SAD,"15.12.2016,22:00",20.063861,45.216071,Sa poginulim,SN SA NAJMANjE DVA VOZILA – BEZ SKRETANjA,Najmanje dva vozila koja se kre?u u istom smeru – sustizanje
1140818,NOVI SAD,SRBOBRAN,"15.07.2016,16:35",19.786377,45.501252,Sa poginulim,SN SA NAJMANjE DVA VOZILA – BEZ SKRETANjA,Najmanje dva vozila – ?eoni sudar
1150368,NOVI SAD,SRBOBRAN,"29.09.2016,07:45",19.80555,45.546651,Sa poginulim,SN SA NAJMANjE DVA VOZILA – BEZ SKRETANjA,Najmanje dva vozila koja se kre?u u istom smeru – sustizanje
1151862,NOVI SAD,SREMSKI KARLOVCI,"09.10.2016,20:35",19.91312,45.213572,Sa poginulim,SN SA JEDNIM VOZILOM,Nezgoda sa jednim vozilom – silazak udesno sa kolovoza na pravcu
1152878,NOVI SAD,SREMSKI KARLOVCI,"17.10.2016,12:00",19.913075,45.213606,Sa poginulim,SN SA JEDNIM VOZILOM,Nezgoda sa jednim vozilom – silazak sa kolovoza u krivini
1123022,NOVI SAD,TEMERIN,"28.02.2016,20:15",19.83912,45.42847,Sa poginulim,SN SA JEDNIM VOZILOM,Nezgoda sa jednim vozilom i prevrtanjem
1150169,NOVI SAD,TEMERIN,"16.09.2016,16:30",19.89929,45.42441,Sa poginulim,SN SA NAJMANjE DVA VOZILA – SKRETANjE ILI PRELAZAK,"Najmanje dva vozila koja se kre?u razli?itim putevima uz prolazak kroz raskrsnicu, ili od kojih jedno prelazi preko kolovoza, bez skretanja"
1149270,NOVI SAD,TEMERIN,"17.09.2016,19:45",19.88285,45.39614,Sa poginulim,SN SA PEŠACIMA,"Prelazak pešaka sleva, u raskrsnici, bez skretanja vozila"
1160120,NOVI SAD,TEMERIN,"09.12.2016,06:15",19.78595135,45.49245078,Sa poginulim,SN SA JEDNIM VOZILOM,Nezgoda sa jednim vozilom – silazak sa kolovoza u krivini
1129628,NOVI SAD,TITEL,"22.04.2016,18:40",20.076371,45.294176,Sa poginulim,SN SA JEDNIM VOZILOM,Nezgoda sa jednim vozilom – silazak ulevo sa kolovoza na pravcu
1147073,NOVI SAD,TITEL,"04.09.2016,05:50",20.297993,45.207375,Sa poginulim,SN SA NAJMANjE DVA VOZILA – SKRETANjE ILI PRELAZAK,"Najmanje dva vozila koja se kre?u razli?itim putevima uz prolazak kroz raskrsnicu, ili od kojih jedno prelazi preko kolovoza, bez skretanja"
1115970,NOVI SAD,VRBAS,"02.01.2016,20:20",19.71205933,45.44691351,Sa poginulim,SN SA PEŠACIMA,Pešak se kre?e duž kolovoza
1117063,NOVI SAD,VRBAS,"14.01.2016,05:55",19.58886,45.59212,Sa poginulim,SN SA NAJMANjE DVA VOZILA – BEZ SKRETANjA,Ostale nezgode sa najmanje dva vozila – suprotni smerovi bez skretanja
1118492,NOVI SAD,VRBAS,"24.01.2016,04:40",19.5777,45.45795,Sa poginulim,SN SA JEDNIM VOZILOM,Nezgoda sa jednim vozilom – silazak sa kolovoza u krivini
1129903,NOVI SAD,VRBAS,"02.04.2016,16:20",19.65833083,45.45877381,Sa poginulim,SN SA NAJMANjE DVA VOZILA – BEZ SKRETANjA,Ostali sudari sa najmanje dva vozila koja se kre?u u istom smeru – ostalo
1133779,NOVI SAD,VRBAS,"24.05.2016,12:10",19.711018,45.598816,Sa poginulim,SN SA JEDNIM VOZILOM,Nezgoda sa jednim vozilom – silazak udesno sa kolovoza na pravcu
1135759,NOVI SAD,VRBAS,"07.06.2016,10:35",19.718254,45.533298,Sa poginulim,SN SA JEDNIM VOZILOM,Nezgoda sa jednim vozilom – silazak udesno sa kolovoza na pravcu
1150105,NOVI SAD,VRBAS,"27.09.2016,08:45",19.649835,45.566965,Sa poginulim,SN SA NAJMANjE DVA VOZILA – SKRETANjE ILI PRELAZAK,"Najmanje dva vozila koja se kre?u istim putem u istom smeru uz skretanje, skretanje udesno ispred drugog vozila"
1157240,NOVI SAD,VRBAS,"19.11.2016,17:15",19.68174947,45.53290092,Sa poginulim,SN SA NAJMANjE DVA VOZILA – BEZ SKRETANjA,Najmanje dva vozila koja se kre?u u istom smeru – preticanje
1159076,NOVI SAD,VRBAS,"02.12.2016,16:45",19.65577842,45.56594174,Sa poginulim,SN SA PEŠACIMA,"Prelazak pešaka zdesna, van raskrsnice, bez skretanja vozila"
1160634,NOVI SAD,ŽABALJ,"15.12.2016,20:25",20.05982571,45.46526842,Sa poginulim,SN SA PEŠACIMA,"Prelazak pešaka zdesna , u raskrsnici, bez skretanja vozila"
1158029,PAN?EVO,ALIBUNAR,"25.11.2016,19:30",21.02872057,45.05268628,Sa poginulim,SN SA PEŠACIMA,"Prelazak pešaka zdesna, van raskrsnice, bez skretanja vozila"
1141922,PAN?EVO,BELA CRKVA,"23.07.2016,17:30",21.30785699,44.86331217,Sa poginulim,SN SA NAJMANjE DVA VOZILA – BEZ SKRETANjA,Ostale nezgode sa najmanje dva vozila – suprotni smerovi bez skretanja
1154450,PAN?EVO,BELA CRKVA,"27.10.2016,18:15",21.2656652,44.91250247,Sa poginulim,SN SA NAJMANjE DVA VOZILA – BEZ SKRETANjA,Ostali sudari sa najmanje dva vozila koja se kre?u u istom smeru – ostalo
1146155,PAN?EVO,KOVA?ICA,"28.08.2016,05:00",20.73097593,45.10478098,Sa poginulim,SN SA JEDNIM VOZILOM,Nezgoda sa jednim vozilom – silazak sa kolovoza u krivini
1152360,PAN?EVO,KOVA?ICA,"13.10.2016,11:50",20.5775706,45.12590682,Sa poginulim,SN SA JEDNIM VOZILOM,Nezgoda sa jednim vozilom – silazak sa kolovoza u krivini
1126612,PAN?EVO,KOVIN,"31.03.2016,20:45",20.859457,44.822432,Sa poginulim,SN SA PEŠACIMA,"Prelazak pešaka sleva, van raskrsnice , bez skretanja vozila"
1141785,PAN?EVO,KOVIN,"23.07.2016,15:50",20.980485,44.748273,Sa poginulim,SN SA NAJMANjE DVA VOZILA – BEZ SKRETANjA,Ostale nezgode sa u?eš?em najmanje dva vozila bez skretanja (bez podataka o smeru)
1153395,PAN?EVO,KOVIN,"20.10.2016,21:50",21.085459,44.750208,Sa poginulim,SN SA JEDNIM VOZILOM,Nezgoda sa jednim vozilom i prevrtanjem
1156107,PAN?EVO,OPOVO,"07.11.2016,15:35",20.476502,45.096456,Sa poginulim,SN SA NAJMANjE DVA VOZILA – BEZ SKRETANjA,Ostale nezgode sa najmanje dva vozila – suprotni smerovi bez skretanja
1120469,PAN?EVO,PAN?EVO,"11.02.2016,01:50",20.680315,44.829497,Sa poginulim,SN SA JEDNIM VOZILOM,Nezgoda sa jednim vozilom i prevrtanjem
1120469,PAN?EVO,PAN?EVO,"11.02.2016,01:50",20.680315,44.829497,Sa poginulim,SN SA JEDNIM VOZILOM,Nezgoda sa jednim vozilom – silazak udesno sa kolovoza na pravcu
1128248,PAN?EVO,PAN?EVO,"13.04.2016,11:40",20.677842,44.832445,Sa poginulim,SN SA NAJMANjE DVA VOZILA – SKRETANjE ILI PRELAZAK,"Najmanje dva vozila koja se kre?u istim putem u istom smeru uz skretanje, skretanje udesno ispred drugog vozila"
1132480,PAN?EVO,PAN?EVO,"14.05.2016,04:30",20.7854,44.87178,Sa poginulim,SN SA JEDNIM VOZILOM,Nezgoda sa jednim vozilom – silazak ulevo sa kolovoza na pravcu
1134444,PAN?EVO,PAN?EVO,"29.05.2016,13:20",20.66443,44.84725,Sa poginulim,SN SA JEDNIM VOZILOM,Nezgoda sa jednim vozilom – silazak udesno sa kolovoza na pravcu
1134636,PAN?EVO,PAN?EVO,"30.05.2016,17:50",20.718057,44.798803,Sa poginulim,SN SA NAJMANjE DVA VOZILA – SKRETANjE ILI PRELAZAK,"Najmanje dva vozila koja se kre?u razli?itim putevima uz prolazak kroz raskrsnicu, ili od kojih jedno prelazi preko kolovoza, bez skretanja"
1135483,PAN?EVO,PAN?EVO,"05.06.2016,02:30",20.72577,44.77392,Sa poginulim,SN SA JEDNIM VOZILOM,Nezgoda sa jednim vozilom – silazak udesno sa kolovoza na pravcu
1136343,PAN?EVO,PAN?EVO,"11.06.2016,13:20",20.64875,44.97324,Sa poginulim,SN SA JEDNIM VOZILOM,Nezgoda sa jednim vozilom – silazak udesno sa kolovoza na pravcu
1136650,PAN?EVO,PAN?EVO,"14.06.2016,06:30",20.63699,44.8739,Sa poginulim,SN SA NAJMANjE DVA VOZILA – SKRETANjE ILI PRELAZAK,"Najmanje dva vozila koja se kre?u razli?itim putevima uz prolazak kroz raskrsnicu, ili od kojih jedno prelazi preko kolovoza, bez skretanja"
1137545,PAN?EVO,PAN?EVO,"21.06.2016,12:00",20.54175,44.99275,Sa poginulim,SN SA NAJMANjE DVA VOZILA – BEZ SKRETANjA,Najmanje dva vozila koja se kre?u u istom smeru – preticanje
1137724,PAN?EVO,PAN?EVO,"22.06.2016,17:55",20.693245,44.870846,Sa poginulim,SN SA NAJMANjE DVA VOZILA – BEZ SKRETANjA,Najmanje dva vozila koja se kre?u u istom smeru – sustizanje
1137724,PAN?EVO,PAN?EVO,"22.06.2016,17:55",20.693245,44.870846,Sa poginulim,SN SA NAJMANjE DVA VOZILA – BEZ SKRETANjA,Ostale nezgode sa najmanje dva vozila – suprotni smerovi bez skretanja
1142431,PAN?EVO,PAN?EVO,"28.07.2016,23:30",20.61869,44.94078,Sa poginulim,SN SA JEDNIM VOZILOM,Nezgoda sa jednim vozilom – silazak ulevo sa kolovoza na pravcu
1152726,PAN?EVO,PAN?EVO,"16.10.2016,08:15",20.686524,44.825104,Sa poginulim,SN SA NAJMANjE DVA VOZILA – BEZ SKRETANjA,Ostale nezgode sa najmanje dva vozila – suprotni smerovi bez skretanja
1157313,PAN?EVO,VRŠAC,"20.11.2016,20:00",21.191,45.06796,Sa poginulim,SN SA NAJMANjE DVA VOZILA – SKRETANjE ILI PRELAZAK,Ostale nezgode sa najmanje dva vozila koja se kre?u istim putem u suprotnim smerovima uz skretanje
1167326,PAN?EVO,VRŠAC,"31.12.2016,19:30",21.26403,45.11227,Sa poginulim,SN SA PEŠACIMA,Pešak se kre?e duž kolovoza u smeru kretanja vozila
1136044,PIROT,BELA PALANKA,"08.06.2016,23:55",22.213369,43.292262,Sa poginulim,SN SA PEŠACIMA,Pešak se kre?e duž kolovoza suprotno od smera kretanja vozila
1146338,PIROT,BELA PALANKA,"14.08.2016,08:40",22.260842,43.258618,Sa poginulim,SN SA JEDNIM VOZILOM,Nezgoda sa jednim vozilom – silazak udesno sa kolovoza na pravcu
1152129,PIROT,BELA PALANKA,"11.10.2016,17:11",22.2686,43.25436,Sa poginulim,SN SA NAJMANjE DVA VOZILA – BEZ SKRETANjA,Najmanje dva vozila – ?eoni sudar
1158090,PIROT,BELA PALANKA,"26.11.2016,06:30",22.213142,43.292303,Sa poginulim,SN SA NAJMANjE DVA VOZILA – BEZ SKRETANjA,Najmanje dva vozila – ?eoni sudar
1120024,PIROT,DIMITROVGRAD,"07.02.2016,05:45",22.782302,43.014987,Sa poginulim,SN SA NAJMANjE DVA VOZILA – BEZ SKRETANjA,Najmanje dva vozila – ?eoni sudar
1123211,PIROT,DIMITROVGRAD,"03.03.2016,18:20",22.732497,43.015825,Sa poginulim,SN SA PEŠACIMA,"Prelazak pešaka zdesna, van raskrsnice, bez skretanja vozila"
1123497,PIROT,DIMITROVGRAD,"05.03.2016,11:55",22.758494,43.009705,Sa poginulim,SN SA NAJMANjE DVA VOZILA – BEZ SKRETANjA,Najmanje dva vozila koja se kre?u u istom smeru – sustizanje
1148240,PIROT,DIMITROVGRAD,"09.09.2016,17:30",22.724307,43.023077,Sa poginulim,SN SA JEDNIM VOZILOM,Nezgode sa u?eš?em šinskog i drumskog vozila
1153806,PIROT,DIMITROVGRAD,"08.10.2016,20:00",22.741282,42.911413,Sa poginulim,SN SA PEŠACIMA,Pešak se kre?e duž kolovoza u smeru kretanja vozila
1132237,PIROT,PIROT,"11.05.2016,22:00",22.622673,43.119159,Sa poginulim,SN SA JEDNIM VOZILOM,Nezgoda sa jednim vozilom – silazak sa kolovoza u krivini
1139018,PIROT,PIROT,"02.07.2016,14:30",22.582687,43.136138,Sa poginulim,SN SA NAJMANjE DVA VOZILA – BEZ SKRETANjA,Najmanje dva vozila – ?eoni sudar
1141027,PIROT,PIROT,"17.07.2016,22:55",22.480083,43.223593,Sa poginulim,SN SA NAJMANjE DVA VOZILA – BEZ SKRETANjA,Najmanje dva vozila – ?eoni sudar
1159215,PIROT,PIROT,"04.12.2016,13:50",22.579159,43.16149,Sa poginulim,SN SA NAJMANjE DVA VOZILA – BEZ SKRETANjA,Najmanje dva vozila – ?eoni sudar
1148228,POŽAREVAC,GOLUBAC,"12.09.2016,20:15",21.66398947,44.58402186,Sa poginulim,SN SA JEDNIM VOZILOM,Nezgoda sa jednim vozilom – silazak udesno sa kolovoza na pravcu
1154104,POŽAREVAC,GOLUBAC,"26.10.2016,09:00",21.60420139,44.67186214,Sa poginulim,SN SA JEDNIM VOZILOM,Nezgoda sa jednim vozilom – silazak udesno sa kolovoza na pravcu
1155296,POŽAREVAC,KU?EVO,"03.11.2016,12:40",21.59035381,44.53655263,Sa poginulim,SN SA PARKIRANIM VOZILIMA,Sudar sa parkiranim vozilom sa desne strane kolovoza
1150046,POŽAREVAC,MALO CRNI?E,"26.09.2016,19:00",21.27717533,44.51929637,Sa poginulim,SN SA NAJMANjE DVA VOZILA – SKRETANjE ILI PRELAZAK,Najmanje dva vozila koja se kre?u istim putem u suprotnim smerovima uz skretanje ulevo ispred drugog vozila
1125893,POŽAREVAC,PETROVAC NA MLAVI,"23.03.2016,07:45",21.41392,44.37678,Sa poginulim,SN SA PEŠACIMA,Pešak se kre?e duž kolovoza u smeru kretanja vozila
1153908,POŽAREVAC,PETROVAC NA MLAVI,"25.10.2016,02:10",21.39168,44.40694,Sa poginulim,SN SA JEDNIM VOZILOM,Nezgoda sa jednim vozilom – silazak ulevo sa kolovoza na pravcu
1117177,POŽAREVAC,POŽAREVAC,"15.01.2016,06:50",21.18296858,44.64852674,Sa poginulim,SN SA NAJMANjE DVA VOZILA – SKRETANjE ILI PRELAZAK,"Najmanje dva vozila koja se kre?u istim putem u istom smeru uz skretanje, skretanje ulevo ispred drugog vozila"
1117301,POŽAREVAC,POŽAREVAC,"16.01.2016,17:00",21.21209824,44.5121479,Sa poginulim,SN SA PEŠACIMA,Pešak se kre?e duž kolovoza u smeru kretanja vozila
1120021,POŽAREVAC,POŽAREVAC,"07.02.2016,03:14",21.18361247,44.684385,Sa poginulim,SN SA JEDNIM VOZILOM,Nezgoda sa jednim vozilom – silazak udesno sa kolovoza na pravcu
1120072,POŽAREVAC,POŽAREVAC,"07.02.2016,21:00",21.15842683,44.70141553,Sa poginulim,SN SA PEŠACIMA,Pešak se kre?e duž kolovoza u smeru kretanja vozila
1125941,POŽAREVAC,POŽAREVAC,"25.03.2016,18:15",21.18093344,44.6194998,Sa poginulim,SN SA PEŠACIMA,"Prelazak pešaka zdesna, van raskrsnice, bez skretanja vozila"
1139963,POŽAREVAC,POŽAREVAC,"09.07.2016,03:15",21.18445877,44.57958197,Sa poginulim,SN SA NAJMANjE DVA VOZILA – BEZ SKRETANjA,Najmanje dva vozila – ?eoni sudar
1161447,POŽAREVAC,POŽAREVAC,"23.12.2016,09:55",21.21033185,44.72029986,Sa poginulim,SN SA NAJMANjE DVA VOZILA – BEZ SKRETANjA,Najmanje dva vozila – ?eoni sudar
1126944,POŽAREVAC,VELIKO GRADIŠTE,"03.04.2016,19:40",21.334537,44.67389,Sa poginulim,SN SA JEDNIM VOZILOM,Nezgoda sa jednim vozilom i prevrtanjem
1131560,POŽAREVAC,VELIKO GRADIŠTE,"06.05.2016,20:00",21.517155,44.689167,Sa poginulim,SN SA JEDNIM VOZILOM,Nezgoda sa jednim vozilom – silazak ulevo sa kolovoza na pravcu
1134380,POŽAREVAC,VELIKO GRADIŠTE,"28.05.2016,16:50",21.516033,44.718694,Sa poginulim,SN SA NAJMANjE DVA VOZILA – BEZ SKRETANjA,Najmanje dva vozila – ?eoni sudar
1136217,POŽAREVAC,VELIKO GRADIŠTE,"09.06.2016,14:10",21.495829,44.671676,Sa poginulim,SN SA NAJMANjE DVA VOZILA – BEZ SKRETANjA,Ostale nezgode sa najmanje dva vozila – suprotni smerovi bez skretanja
1142759,POŽAREVAC,VELIKO GRADIŠTE,"31.07.2016,16:00",21.397589,44.716468,Sa poginulim,SN SA JEDNIM VOZILOM,"Nezgoda sa jednim vozilom bez prepreka na kolovozu na nepoznat, nespecificiran na?in"
1147934,POŽAREVAC,VELIKO GRADIŠTE,"10.09.2016,16:30",21.349299,44.689421,Sa poginulim,SN SA JEDNIM VOZILOM,"Nezgoda sa jednim vozilom bez prepreka na kolovozu na nepoznat, nespecificiran na?in"
1158696,POŽAREVAC,VELIKO GRADIŠTE,"30.11.2016,18:10",21.514639,44.755158,Sa poginulim,SN SA PARKIRANIM VOZILIMA,Sudar sa parkiranim vozilom sa desne strane kolovoza
1157388,POŽAREVAC,ŽABARI,"20.11.2016,05:15",21.21502349,44.45017963,Sa poginulim,SN SA JEDNIM VOZILOM,"Nezgoda sa jednim vozilom bez prepreka na kolovozu na nepoznat, nespecificiran na?in"
1138018,POŽAREVAC,ŽAGUBICA,"25.06.2016,03:50",21.804947,44.238184,Sa poginulim,SN SA JEDNIM VOZILOM,Nezgoda sa jednim vozilom i prevrtanjem
1141443,PRIJEPOLJE,NOVA VAROŠ,"20.07.2016,08:05",19.81908,43.49244,Sa poginulim,SN SA NAJMANjE DVA VOZILA – BEZ SKRETANjA,Najmanje dva vozila koja se kre?u u istom smeru – preticanje
1124308,PRIJEPOLJE,PRIBOJ,"12.03.2016,16:00",19.276004,43.514412,Sa poginulim,SN SA JEDNIM VOZILOM,Nezgoda sa jednim vozilom – silazak ulevo sa kolovoza na pravcu
1133031,PRIJEPOLJE,PRIBOJ,"18.05.2016,23:10",19.529681,43.568851,Sa poginulim,SN SA NAJMANjE DVA VOZILA – BEZ SKRETANjA,Ostale nezgode sa u?eš?em najmanje dva vozila bez skretanja (bez podataka o smeru)
1130038,PRIJEPOLJE,PRIJEPOLJE,"25.04.2016,16:35",19.7075,43.27188,Sa poginulim,SN SA NAJMANjE DVA VOZILA – BEZ SKRETANjA,Najmanje dva vozila – ?eoni sudar
1116656,PROKUPLJE,BLACE,"27.02.2016,20:55",21.288413,43.295765,Sa poginulim,SN SA PEŠACIMA,"Prelazak pešaka sleva, u raskrsnici, bez skretanja vozila"
1143886,PROKUPLJE,BLACE,"02.08.2016,07:25",21.358726,43.257277,Sa poginulim,SN SA NAJMANjE DVA VOZILA – BEZ SKRETANjA,Ostale nezgode sa najmanje dva vozila – suprotni smerovi bez skretanja
1131616,PROKUPLJE,PROKUPLJE,"07.05.2016,13:15",21.621044,43.217535,Sa poginulim,SN SA PEŠACIMA,"Prelazak pešaka sleva, van raskrsnice , bez skretanja vozila"
1127676,PROKUPLJE,ŽITORA?A,"07.04.2016,22:45",21.765218,43.183512,Sa poginulim,SN SA PEŠACIMA,"Prelazak pešaka sleva, van raskrsnice , bez skretanja vozila"
1154604,ŠABAC,BOGATI?,"29.10.2016,18:00",19.43481,44.807105,Sa poginulim,SN SA PEŠACIMA,"Prelazak pešaka zdesna, van raskrsnice, bez skretanja vozila"
1156421,ŠABAC,BOGATI?,"12.11.2016,21:15",19.430176,44.804304,Sa poginulim,SN SA PEŠACIMA,Pešak se kre?e duž kolovoza u smeru kretanja vozila
1149745,ŠABAC,KRUPANJ,"24.09.2016,01:25",19.383453,44.363475,Sa poginulim,SN SA PARKIRANIM VOZILIMA,Sudar sa parkiranim vozilom sa desne strane kolovoza
1126854,ŠABAC,LJUBOVIJA,"02.04.2016,17:15",19.429389,44.166791,Sa poginulim,SN SA JEDNIM VOZILOM,Nezgoda sa jednim vozilom – silazak ulevo sa kolovoza na pravcu
1142618,ŠABAC,LJUBOVIJA,"30.07.2016,07:35",19.480978,44.147744,Sa poginulim,SN SA PEŠACIMA,"Prelazak pešaka zdesna, van raskrsnice, bez skretanja vozila"
1126127,ŠABAC,LOZNICA,"27.03.2016,23:10",19.197724,44.551225,Sa poginulim,SN SA NAJMANjE DVA VOZILA – BEZ SKRETANjA,Najmanje dva vozila koja se kre?u u istom smeru – sustizanje
1135484,ŠABAC,LOZNICA,"05.06.2016,02:10",19.318617,44.674774,Sa poginulim,SN SA JEDNIM VOZILOM,Nezgoda sa jednim vozilom – silazak udesno sa kolovoza na pravcu
1141430,ŠABAC,LOZNICA,"20.07.2016,21:10",19.199181,44.556843,Sa poginulim,SN SA NAJMANjE DVA VOZILA – BEZ SKRETANjA,Najmanje dva vozila koja se kre?u u istom smeru – sustizanje
1143709,ŠABAC,LOZNICA,"08.08.2016,04:10",19.13275,44.51936,Sa poginulim,SN SA NAJMANjE DVA VOZILA – BEZ SKRETANjA,Najmanje dva vozila koja se kre?u u istom smeru – sustizanje
1151021,ŠABAC,LOZNICA,"03.10.2016,17:20",19.170158,44.520994,Sa poginulim,SN SA NAJMANjE DVA VOZILA – BEZ SKRETANjA,Najmanje dva vozila – ?eoni sudar
1159648,ŠABAC,LOZNICA,"07.12.2016,15:00",19.48097816,44.52637299,Sa poginulim,SN SA JEDNIM VOZILOM,Nezgoda sa jednim vozilom i prevrtanjem
1116690,ŠABAC,ŠABAC,"11.01.2016,17:00",19.7093,44.72286,Sa poginulim,SN SA NAJMANjE DVA VOZILA – BEZ SKRETANjA,Najmanje dva vozila koja se kre?u u istom smeru – sustizanje
1117219,ŠABAC,ŠABAC,"15.01.2016,17:20",19.73678,44.73629,Sa poginulim,SN SA NAJMANjE DVA VOZILA – BEZ SKRETANjA,Najmanje dva vozila – ?eoni sudar
1120741,ŠABAC,ŠABAC,"13.02.2016,18:00",19.42504,44.70805,Sa poginulim,SN SA PEŠACIMA,Pešak se kre?e duž kolovoza u smeru kretanja vozila
1127683,ŠABAC,ŠABAC,"08.04.2016,22:10",19.36041,44.68016,Sa poginulim,SN SA PEŠACIMA,Pešak se kre?e duž kolovoza
1130383,ŠABAC,ŠABAC,"27.04.2016,12:30",19.68666,44.75447,Sa poginulim,SN SA NAJMANjE DVA VOZILA – SKRETANjE ILI PRELAZAK,"Najmanje dva vozila koja se kre?u razli?itim putevima uz prolazak kroz raskrsnicu, ili od kojih jedno prelazi preko kolovoza, bez skretanja"
1135676,ŠABAC,ŠABAC,"06.06.2016,11:20",19.682408,44.819433,Sa poginulim,SN SA JEDNIM VOZILOM,Nezgoda sa jednim vozilom – silazak udesno sa kolovoza na pravcu
1135832,ŠABAC,ŠABAC,"07.06.2016,23:20",19.685063,44.743115,Sa poginulim,SN SA NAJMANjE DVA VOZILA – SKRETANjE ILI PRELAZAK,"Najmanje dva vozila koja se kre?u razli?itim putevima uz prolazak kroz raskrsnicu, ili od kojih jedno prelazi preko kolovoza, bez skretanja"
1139039,ŠABAC,ŠABAC,"02.07.2016,16:30",19.473001,44.772779,Sa poginulim,SN SA NAJMANjE DVA VOZILA – BEZ SKRETANjA,Najmanje dva vozila koja se kre?u u istom smeru – preticanje
1141715,ŠABAC,ŠABAC,"23.07.2016,02:05",19.50591,44.66769,Sa poginulim,SN SA JEDNIM VOZILOM,Nezgoda sa jednim vozilom – silazak sa kolovoza u krivini
1144505,ŠABAC,ŠABAC,"13.08.2016,16:25",19.64952,44.789782,Sa poginulim,SN SA NAJMANjE DVA VOZILA – SKRETANjE ILI PRELAZAK,"Najmanje dva vozila koja se kre?u istim putem u istom smeru uz skretanje, skretanje ulevo ispred drugog vozila"
1149812,ŠABAC,ŠABAC,"24.09.2016,16:50",19.735891,44.727172,Sa poginulim,SN SA PEŠACIMA,Pešak se kre?e duž kolovoza suprotno od smera kretanja vozila
1150209,ŠABAC,ŠABAC,"28.09.2016,06:10",19.426447,44.710641,Sa poginulim,SN SA PEŠACIMA,"Prelazak pešaka zdesna, van raskrsnice, bez skretanja vozila"
1150817,ŠABAC,ŠABAC,"02.10.2016,17:40",19.660801,44.700648,Sa poginulim,SN SA NAJMANjE DVA VOZILA – BEZ SKRETANjA,Najmanje dva vozila – ?eoni sudar
1151768,ŠABAC,ŠABAC,"09.10.2016,00:15",19.682809,44.780062,Sa poginulim,SN SA JEDNIM VOZILOM,Nezgoda sa jednim vozilom – silazak ulevo sa kolovoza na pravcu
1154324,ŠABAC,ŠABAC,"27.10.2016,16:10",19.67597,44.921383,Sa poginulim,SN SA NAJMANjE DVA VOZILA – BEZ SKRETANjA,Najmanje dva vozila – ?eoni sudar
1157235,ŠABAC,ŠABAC,"19.11.2016,17:40",19.598749,44.78263,Sa poginulim,SN SA PEŠACIMA,"Prelazak pešaka zdesna, van raskrsnice, bez skretanja vozila"
1141813,ŠABAC,VLADIMIRCI,"23.07.2016,21:30",19.84076,44.655602,Sa poginulim,SN SA JEDNIM VOZILOM,Nezgoda sa jednim vozilom – silazak udesno sa kolovoza na pravcu
1158881,ŠABAC,VLADIMIRCI,"01.12.2016,18:10",19.738927,44.557912,Sa poginulim,SN SA PEŠACIMA,Pešak se kre?e duž kolovoza suprotno od smera kretanja vozila
1116320,SMEDEREVO,SMEDEREVO,"06.01.2016,18:40",21.051577,44.598328,Sa poginulim,SN SA NAJMANjE DVA VOZILA – BEZ SKRETANjA,Najmanje dva vozila koja se kre?u u istom smeru – sustizanje
1122114,SMEDEREVO,SMEDEREVO,"24.02.2016,16:05",20.95776,44.69185,Sa poginulim,SN SA NAJMANjE DVA VOZILA – BEZ SKRETANjA,Najmanje dva vozila – ?eoni sudar
1125906,SMEDEREVO,SMEDEREVO,"25.03.2016,13:30",20.964629,44.598814,Sa poginulim,SN SA NAJMANjE DVA VOZILA – BEZ SKRETANjA,Najmanje dva vozila koja se kre?u u istom smeru – sustizanje
1126798,SMEDEREVO,SMEDEREVO,"02.04.2016,01:25",20.9078,44.62925,Sa poginulim,SN SA JEDNIM VOZILOM,Nezgoda sa jednim vozilom – silazak ulevo sa kolovoza na pravcu
1130547,SMEDEREVO,SMEDEREVO,"28.04.2016,06:55",20.87567,44.62722,Sa poginulim,SN SA NAJMANjE DVA VOZILA – BEZ SKRETANjA,Najmanje dva vozila koja se kre?u u istom smeru – sustizanje
1134425,SMEDEREVO,SMEDEREVO,"29.05.2016,13:20",20.98369,44.58061,Sa poginulim,SN SA PEŠACIMA,Pešak stoji na kolovozu
1140040,SMEDEREVO,SMEDEREVO,"10.07.2016,05:05",20.958734,44.626827,Sa poginulim,SN SA JEDNIM VOZILOM,Nezgoda sa jednim vozilom na kolovozu
1140891,SMEDEREVO,SMEDEREVO,"16.07.2016,13:20",20.968614,44.63419,Sa poginulim,SN SA JEDNIM VOZILOM,Nezgoda sa jednim vozilom – silazak udesno sa kolovoza na pravcu
1142355,SMEDEREVO,SMEDEREVO,"28.07.2016,14:15",21.01569,44.51129,Sa poginulim,SN SA NAJMANjE DVA VOZILA – BEZ SKRETANjA,Najmanje dva vozila koja se kre?u u istom smeru – sudar pri uporednoj vožnji
1151813,SMEDEREVO,SMEDEREVO,"09.10.2016,01:30",20.860308,44.65598,Sa poginulim,SN SA PARKIRANIM VOZILIMA,Ostali sudari sa parkiranim vozilom
1155186,SMEDEREVO,SMEDEREVO,"02.11.2016,17:40",21.11524,44.57065,Sa poginulim,SN SA NAJMANjE DVA VOZILA – SKRETANjE ILI PRELAZAK,"Najmanje dva vozila koja se kre?u razli?itim putevima uz prolazak kroz raskrsnicu, ili od kojih jedno prelazi preko kolovoza, bez skretanja"
1142267,SMEDEREVO,SMEDEREVSKA PALANKA,"27.07.2016,19:10",21.007932,44.451457,Sa poginulim,SN SA NAJMANjE DVA VOZILA – SKRETANjE ILI PRELAZAK,Najmanje dva vozila koja se kre?u istim putem u suprotnim smerovima uz skretanje ulevo ispred drugog vozila
1127811,SMEDEREVO,VELIKA PLANA,"10.04.2016,08:45",21.07230001,44.35541277,Sa poginulim,SN SA NAJMANjE DVA VOZILA – BEZ SKRETANjA,Najmanje dva vozila – ?eoni sudar
1137256,SMEDEREVO,VELIKA PLANA,"17.06.2016,16:10",21.09752986,44.29360846,Sa poginulim,SN SA JEDNIM VOZILOM,Nezgoda sa jednim vozilom – silazak udesno sa kolovoza na pravcu
1142400,SMEDEREVO,VELIKA PLANA,"28.07.2016,17:15",21.08810651,44.27558463,Sa poginulim,SN SA NAJMANjE DVA VOZILA – BEZ SKRETANjA,Ostale nezgode sa najmanje dva vozila – suprotni smerovi bez skretanja
1144530,SMEDEREVO,VELIKA PLANA,"13.08.2016,21:10",21.094238,44.306504,Sa poginulim,SN SA NAJMANjE DVA VOZILA – BEZ SKRETANjA,Najmanje dva vozila koja se kre?u u istom smeru – sustizanje
1158422,SMEDEREVO,VELIKA PLANA,"28.11.2016,18:40",21.1054,44.4667,Sa poginulim,SN SA NAJMANjE DVA VOZILA – BEZ SKRETANjA,Najmanje dva vozila – ?eoni sudar
1160957,SMEDEREVO,VELIKA PLANA,"18.12.2016,19:30",21.063,44.394,Sa poginulim,SN SA NAJMANjE DVA VOZILA – BEZ SKRETANjA,Ostali sudari sa najmanje dva vozila koja se kre?u u istom smeru – ostalo
1136335,SOMBOR,KULA,"11.06.2016,00:14",19.508913,45.626224,Sa poginulim,SN SA NAJMANjE DVA VOZILA – SKRETANjE ILI PRELAZAK,Najmanje dva vozila koja se kre?u istim putem u suprotnim smerovima uz skretanje ulevo ispred drugog vozila
1151049,SOMBOR,KULA,"03.10.2016,09:50",19.424844,45.673212,Sa poginulim,SN SA NAJMANjE DVA VOZILA – BEZ SKRETANjA,Najmanje dva vozila koja se kre?u u istom smeru – preticanje
1151940,SOMBOR,KULA,"10.10.2016,11:16",19.542351,45.607393,Sa poginulim,SN SA NAJMANjE DVA VOZILA – BEZ SKRETANjA,Ostale nezgode sa najmanje dva vozila – suprotni smerovi bez skretanja
1123642,SOMBOR,ODŽACI,"04.03.2016,10:35",19.311739,45.462865,Sa poginulim,SN SA NAJMANjE DVA VOZILA – BEZ SKRETANjA,Najmanje dva vozila – ?eoni sudar
1123737,SOMBOR,ODŽACI,"05.03.2016,20:45",19.086603,45.527509,Sa poginulim,SN SA PARKIRANIM VOZILIMA,Sudar sa parkiranim vozilom sa desne strane kolovoza
1138031,SOMBOR,ODŽACI,"14.06.2016,21:10",19.245133,45.521619,Sa poginulim,SN SA NAJMANjE DVA VOZILA – BEZ SKRETANjA,Najmanje dva vozila – ?eoni sudar
1149661,SOMBOR,ODŽACI,"12.09.2016,22:05",19.191783,45.495875,Sa poginulim,SN SA PARKIRANIM VOZILIMA,Sudar sa parkiranim vozilom sa desne strane kolovoza
1162503,SOMBOR,ODŽACI,"30.12.2016,09:25",19.219222,45.454917,Sa poginulim,SN SA NAJMANjE DVA VOZILA – SKRETANjE ILI PRELAZAK,"Najmanje dva vozila koja se kre?u istim putem u istom smeru uz skretanje, polukružno okretanje ispred drugog vozila"
1124235,SOMBOR,SOMBOR,"12.03.2016,00:25",19.170595,45.694724,Sa poginulim,SN SA PEŠACIMA,Pešak se kre?e duž kolovoza u smeru kretanja vozila
1139983,SOMBOR,SOMBOR,"09.07.2016,08:20",19.155117,45.721972,Sa poginulim,SN SA NAJMANjE DVA VOZILA – BEZ SKRETANjA,Najmanje dva vozila koja se kre?u u istom smeru – sustizanje
1141639,SOMBOR,SOMBOR,"22.07.2016,08:45",18.937119,45.791274,Sa poginulim,SN SA NAJMANjE DVA VOZILA – SKRETANjE ILI PRELAZAK,Najmanje dva vozila koja se kre?u razli?itim putevima uz skretanje udesno ispred vozila koje nailazi sleva
1142538,SOMBOR,SOMBOR,"29.07.2016,16:15",19.058559,45.736614,Sa poginulim,SN SA JEDNIM VOZILOM,Nezgoda sa jednim vozilom – silazak udesno sa kolovoza na pravcu
1146388,SOMBOR,SOMBOR,"29.08.2016,05:15",19.150521,45.727436,Sa poginulim,SN SA NAJMANjE DVA VOZILA – BEZ SKRETANjA,Najmanje dva vozila koja se kre?u u istom smeru – sustizanje
1158105,SOMBOR,SOMBOR,"26.11.2016,13:45",19.141057,45.736023,Sa poginulim,SN SA NAJMANjE DVA VOZILA – SKRETANjE ILI PRELAZAK,Najmanje dva vozila koja se kre?u razli?itim putevima uz skretanje ulevo i uz nailazak vozila sleva
1157076,SREMSKA MITROVICA,IN?IJA,"17.11.2016,19:10",20.011354,45.157645,Sa poginulim,SN SA PEŠACIMA,Pešak – ostale situacije
1159666,SREMSKA MITROVICA,IN?IJA,"07.12.2016,17:25",20.14491257,45.07509651,Sa poginulim,SN SA JEDNIM VOZILOM,Nezgoda sa jednim vozilom – silazak udesno sa kolovoza na pravcu
1160190,SREMSKA MITROVICA,IN?IJA,"12.12.2016,16:45",19.987352,45.13758,Sa poginulim,SN SA NAJMANjE DVA VOZILA – BEZ SKRETANjA,Najmanje dva vozila – ?eoni sudar
1162582,SREMSKA MITROVICA,IN?IJA,"31.12.2016,01:00",20.08048712,45.16430305,Sa poginulim,SN SA NAJMANjE DVA VOZILA – BEZ SKRETANjA,Ostali sudari sa najmanje dva vozila koja se kre?u u istom smeru – ostalo
1139013,SREMSKA MITROVICA,IRIG,"02.07.2016,13:55",19.84568,45.0573,Sa poginulim,SN SA NAJMANjE DVA VOZILA – SKRETANjE ILI PRELAZAK,"Najmanje dva vozila koja se kre?u razli?itim putevima uz prolazak kroz raskrsnicu, ili od kojih jedno prelazi preko kolovoza, bez skretanja"
1133818,SREMSKA MITROVICA,PE?INCI,"24.05.2016,20:50",20.10825,44.83995,Sa poginulim,SN SA JEDNIM VOZILOM,Nezgoda sa jednim vozilom – silazak ulevo sa kolovoza na pravcu
1139317,SREMSKA MITROVICA,PE?INCI,"04.07.2016,13:55",20.099369,44.887675,Sa poginulim,SN SA NAJMANjE DVA VOZILA – BEZ SKRETANjA,Najmanje dva vozila koja se kre?u u istom smeru – sustizanje
1118902,SREMSKA MITROVICA,RUMA,"29.01.2016,11:20",19.74003,44.99479,Sa poginulim,SN SA JEDNIM VOZILOM,Nezgoda sa jednim vozilom – silazak sa kolovoza u krivini
1122076,SREMSKA MITROVICA,RUMA,"24.02.2016,06:15",19.779739,44.968481,Sa poginulim,SN SA NAJMANjE DVA VOZILA – BEZ SKRETANjA,Najmanje dva vozila koja se kre?u u istom smeru – sustizanje
1125389,SREMSKA MITROVICA,RUMA,"22.03.2016,05:55",19.81565,44.99797,Sa poginulim,SN SA NAJMANjE DVA VOZILA – BEZ SKRETANjA,Najmanje dva vozila koja se kre?u u istom smeru – sustizanje
1131512,SREMSKA MITROVICA,RUMA,"06.05.2016,13:45",19.73978,44.80583,Sa poginulim,SN SA NAJMANjE DVA VOZILA – BEZ SKRETANjA,Najmanje dva vozila – ?eoni sudar
1143558,SREMSKA MITROVICA,RUMA,"05.08.2016,22:00",19.922437,44.892107,Sa poginulim,SN SA JEDNIM VOZILOM,Nezgoda sa jednim vozilom – silazak udesno sa kolovoza na pravcu
1143756,SREMSKA MITROVICA,RUMA,"08.08.2016,00:20",19.72524,44.79106,Sa poginulim,SN SA JEDNIM VOZILOM,Nezgoda sa jednim vozilom – silazak udesno sa kolovoza na pravcu
1146210,SREMSKA MITROVICA,RUMA,"28.08.2016,13:20",19.815984,45.019791,Sa poginulim,SN SA JEDNIM VOZILOM,Nezgoda sa jednim vozilom – silazak sa kolovoza u krivini
1148457,SREMSKA MITROVICA,RUMA,"14.09.2016,18:30",19.815918,45.004674,Sa poginulim,SN SA NAJMANjE DVA VOZILA – SKRETANjE ILI PRELAZAK,"Najmanje dva vozila koja se kre?u istim putem u istom smeru uz skretanje, skretanje udesno ispred drugog vozila"
1156322,SREMSKA MITROVICA,RUMA,"11.11.2016,18:43",19.779858,44.825484,Sa poginulim,SN SA PEŠACIMA,"Prelazak pešaka sleva, van raskrsnice , bez skretanja vozila"
1158292,SREMSKA MITROVICA,RUMA,"27.11.2016,22:15",19.837885,44.766156,Sa poginulim,SN SA PEŠACIMA,"Prelazak pešaka zdesna, van raskrsnice, bez skretanja vozila"
1162161,SREMSKA MITROVICA,RUMA,"28.12.2016,09:50",19.76625,44.81351,Sa poginulim,SN SA NAJMANjE DVA VOZILA – BEZ SKRETANjA,Najmanje dva vozila – ?eoni sudar
1120943,SREMSKA MITROVICA,ŠID,"01.02.2016,00:05",19.21014,45.112251,Sa poginulim,SN SA PEŠACIMA,Pešak se kre?e duž kolovoza u smeru kretanja vozila
1131100,SREMSKA MITROVICA,ŠID,"01.05.2016,04:05",19.221768,45.081825,Sa poginulim,SN SA PEŠACIMA,"Prelazak pešaka preko kolovoza, u raskrsnici, bez skretanja vozila"
1133712,SREMSKA MITROVICA,ŠID,"21.05.2016,14:30",19.3144,45.081822,Sa poginulim,SN SA NAJMANjE DVA VOZILA – SKRETANjE ILI PRELAZAK,Najmanje dva vozila koja se kre?u istim putem u suprotnim smerovima uz skretanje ulevo ispred drugog vozila
1143581,SREMSKA MITROVICA,ŠID,"02.08.2016,02:30",19.182688,45.097325,Sa poginulim,SN SA JEDNIM VOZILOM,Nezgoda sa jednim vozilom – silazak sa kolovoza u krivini
1120901,SREMSKA MITROVICA,SREMSKA MITROVICA,"15.02.2016,15:10",19.633,44.97068,Sa poginulim,SN SA NAJMANjE DVA VOZILA – SKRETANjE ILI PRELAZAK,"Najmanje dva vozila koja se kre?u istim putem u istom smeru uz skretanje, skretanje udesno ispred drugog vozila"
1120990,SREMSKA MITROVICA,SREMSKA MITROVICA,"19.02.2016,21:55",19.501616,45.078653,Sa poginulim,SN SA PEŠACIMA,Pešak se kre?e duž kolovoza u smeru kretanja vozila
1135510,SREMSKA MITROVICA,SREMSKA MITROVICA,"05.06.2016,12:50",19.625417,44.95142,Sa poginulim,SN SA NAJMANjE DVA VOZILA – SKRETANjE ILI PRELAZAK,Ostale nezgode sa najmanje dva vozila koja se kre?u razli?itim putevima uz skretanje
1139338,SREMSKA MITROVICA,SREMSKA MITROVICA,"04.07.2016,23:05",19.626428,44.970967,Sa poginulim,SN SA NAJMANjE DVA VOZILA – SKRETANjE ILI PRELAZAK,"Najmanje dva vozila koja se kre?u razli?itim putevima uz prolazak kroz raskrsnicu, ili od kojih jedno prelazi preko kolovoza, bez skretanja"
1140248,SREMSKA MITROVICA,SREMSKA MITROVICA,"11.07.2016,21:40",19.519218,45.018972,Sa poginulim,SN SA NAJMANjE DVA VOZILA – BEZ SKRETANjA,Najmanje dva vozila koja se kre?u u istom smeru – sustizanje
1141777,SREMSKA MITROVICA,SREMSKA MITROVICA,"23.07.2016,15:45",19.67286,44.998358,Sa poginulim,SN SA JEDNIM VOZILOM,Nezgoda sa jednim vozilom – silazak udesno sa kolovoza na pravcu
1149877,SREMSKA MITROVICA,SREMSKA MITROVICA,"25.09.2016,03:20",19.40725,45.056663,Sa poginulim,SN SA JEDNIM VOZILOM,Nezgoda sa jednim vozilom – silazak ulevo sa kolovoza na pravcu
1150000,SREMSKA MITROVICA,SREMSKA MITROVICA,"26.09.2016,08:00",19.405493,45.042369,Sa poginulim,SN SA PEŠACIMA,Pešak stoji na kolovozu
1157311,SREMSKA MITROVICA,SREMSKA MITROVICA,"20.11.2016,22:30",19.48396,45.024802,Sa poginulim,SN SA NAJMANjE DVA VOZILA – BEZ SKRETANjA,Najmanje dva vozila koja se kre?u u istom smeru – sustizanje
1158015,SREMSKA MITROVICA,SREMSKA MITROVICA,"25.11.2016,18:05",19.406673,45.052909,Sa poginulim,SN SA JEDNIM VOZILOM,Nezgoda sa jednim vozilom – silazak ulevo sa kolovoza na pravcu
1159180,SREMSKA MITROVICA,SREMSKA MITROVICA,"04.12.2016,05:20",19.583831,44.983764,Sa poginulim,SN SA JEDNIM VOZILOM,Nezgode sa u?eš?em šinskog i drumskog vozila
1124975,SREMSKA MITROVICA,STARA PAZOVA,"17.03.2016,23:00",20.2682,44.95076,Sa poginulim,SN SA NAJMANjE DVA VOZILA – BEZ SKRETANjA,Najmanje dva vozila koja se kre?u u istom smeru – sustizanje
1130108,SREMSKA MITROVICA,STARA PAZOVA,"25.04.2016,11:20",20.15332681,44.99615927,Sa poginulim,SN SA PEŠACIMA,"Prelazak pešaka sleva, van raskrsnice , bez skretanja vozila"
1133610,SREMSKA MITROVICA,STARA PAZOVA,"23.05.2016,03:08",20.28161832,44.95293712,Sa poginulim,SN SA PEŠACIMA,"Prelazak pešaka sleva, van raskrsnice , bez skretanja vozila"
1138584,SREMSKA MITROVICA,STARA PAZOVA,"27.06.2016,06:30",20.15624078,44.99248977,Sa poginulim,SN SA NAJMANjE DVA VOZILA – BEZ SKRETANjA,Najmanje dva vozila koja se kre?u u istom smeru – sustizanje
1141382,SREMSKA MITROVICA,STARA PAZOVA,"20.07.2016,09:20",20.20847,44.994972,Sa poginulim,SN SA NAJMANjE DVA VOZILA – BEZ SKRETANjA,Najmanje dva vozila – ?eoni sudar
1145617,SREMSKA MITROVICA,STARA PAZOVA,"19.08.2016,15:40",20.32678523,45.07004564,Sa poginulim,SN SA NAJMANjE DVA VOZILA – BEZ SKRETANjA,Najmanje dva vozila koja se kre?u u istom smeru – sustizanje
1158494,SREMSKA MITROVICA,STARA PAZOVA,"25.11.2016,22:45",20.27357707,44.98383995,Sa poginulim,SN SA NAJMANjE DVA VOZILA – SKRETANjE ILI PRELAZAK,"Najmanje dva vozila koja se kre?u razli?itim putevima uz prolazak kroz raskrsnicu, ili od kojih jedno prelazi preko kolovoza, bez skretanja"
1160960,SUBOTICA,MALI I?OŠ,"18.12.2016,17:00",19.715567,45.64468,Sa poginulim,SN SA NAJMANjE DVA VOZILA – BEZ SKRETANjA,Najmanje dva vozila koja se kre?u u istom smeru – sustizanje
1127037,SUBOTICA,SUBOTICA,"03.04.2016,02:15",19.664948,46.039618,Sa poginulim,SN SA NAJMANjE DVA VOZILA – BEZ SKRETANjA,Ostale nezgode sa najmanje dva vozila – suprotni smerovi bez skretanja
1136819,SUBOTICA,SUBOTICA,"15.06.2016,07:45",19.762901,45.923238,Sa poginulim,SN SA NAJMANjE DVA VOZILA – SKRETANjE ILI PRELAZAK,"Najmanje dva vozila koja se kre?u razli?itim putevima uz prolazak kroz raskrsnicu, ili od kojih jedno prelazi preko kolovoza, bez skretanja"
1139442,SUBOTICA,SUBOTICA,"05.07.2016,12:30",19.844587,46.064244,Sa poginulim,SN SA NAJMANjE DVA VOZILA – SKRETANjE ILI PRELAZAK,"Najmanje dva vozila koja se kre?u razli?itim putevima uz prolazak kroz raskrsnicu, ili od kojih jedno prelazi preko kolovoza, bez skretanja"
1152718,SUBOTICA,SUBOTICA,"16.10.2016,04:30",19.792222,46.082419,Sa poginulim,SN SA JEDNIM VOZILOM,Nezgoda sa jednim vozilom – silazak udesno sa kolovoza na pravcu
1157376,SUBOTICA,SUBOTICA,"21.11.2016,06:10",19.66315,46.034977,Sa poginulim,SN SA JEDNIM VOZILOM,Nezgoda sa jednim vozilom – silazak ulevo sa kolovoza na pravcu
1162720,SUBOTICA,SUBOTICA,"31.12.2016,23:30",19.698365,46.101883,Sa poginulim,SN SA JEDNIM VOZILOM,Nezgoda sa jednim vozilom – silazak udesno sa kolovoza na pravcu
1126212,UŽICE,ARILJE,"21.03.2016,06:00",20.093412,43.687502,Sa poginulim,SN SA JEDNIM VOZILOM,Nezgoda sa jednim vozilom – silazak udesno sa kolovoza na pravcu
1140246,UŽICE,ARILJE,"11.07.2016,22:30",20.100853,43.756472,Sa poginulim,SN SA PEŠACIMA,"Prelazak pešaka sleva, van raskrsnice , bez skretanja vozila"
1145676,UŽICE,ARILJE,"19.08.2016,21:35",20.111591,43.729368,Sa poginulim,SN SA PEŠACIMA,"Prelazak pešaka sleva, van raskrsnice , bez skretanja vozila"
1154542,UŽICE,ARILJE,"20.10.2016,19:05",20.005235,43.630925,Sa poginulim,SN SA JEDNIM VOZILOM,Nezgoda sa jednim vozilom – silazak udesno sa kolovoza na pravcu
1160101,UŽICE,ARILJE,"11.12.2016,17:30",20.112345,43.727273,Sa poginulim,SN SA NAJMANjE DVA VOZILA – SKRETANjE ILI PRELAZAK,Najmanje dva vozila koja se kre?u razli?itim putevima uz skretanje ulevo i uz nailazak vozila zdesna
1136854,UŽICE,BAJINA BAŠTA,"15.06.2016,18:00",19.402478,43.886159,Sa poginulim,SN SA JEDNIM VOZILOM,Nezgoda sa jednim vozilom i prevrtanjem
1141979,UŽICE,BAJINA BAŠTA,"25.07.2016,13:30",19.568478,43.985109,Sa poginulim,SN SA NAJMANjE DVA VOZILA – BEZ SKRETANjA,Ostale nezgode sa najmanje dva vozila – suprotni smerovi bez skretanja
1123454,UŽICE,?AJETINA,"13.04.2016,20:30",19.720049,43.744491,Sa poginulim,SN SA PEŠACIMA,Pešak se kre?e duž kolovoza u smeru kretanja vozila
1130854,UŽICE,?AJETINA,"30.04.2016,23:50",19.742231,43.783907,Sa poginulim,SN SA NAJMANjE DVA VOZILA – BEZ SKRETANjA,Ostale nezgode sa najmanje dva vozila – suprotni smerovi bez skretanja
1149646,UŽICE,?AJETINA,"23.09.2016,13:05",19.770382,43.787916,Sa poginulim,SN SA PEŠACIMA,Pešak se kre?e duž kolovoza
1160196,UŽICE,?AJETINA,"12.12.2016,13:05",19.693626,43.696946,Sa poginulim,SN SA JEDNIM VOZILOM,Nezgoda sa jednim vozilom – silazak sa kolovoza u krivini
1143212,UŽICE,KOSJERI?,"02.08.2016,21:05",19.942472,43.981961,Sa poginulim,SN SA NAJMANjE DVA VOZILA – BEZ SKRETANjA,Najmanje dva vozila – ?eoni sudar
1123766,UŽICE,POŽEGA,"04.03.2016,23:25",20.0482,43.87219,Sa poginulim,SN SA JEDNIM VOZILOM,Nezgoda sa jednim vozilom – silazak sa kolovoza u krivini
1131723,UŽICE,POŽEGA,"07.05.2016,17:10",20.018137,43.861189,Sa poginulim,SN SA NAJMANjE DVA VOZILA – BEZ SKRETANjA,Najmanje dva vozila – ?eoni sudar
1132024,UŽICE,POŽEGA,"08.05.2016,22:30",19.949308,43.943607,Sa poginulim,SN SA JEDNIM VOZILOM,Nezgoda sa jednim vozilom i prevrtanjem
1120297,UŽICE,UŽICE,"09.02.2016,18:30",19.878719,43.859773,Sa poginulim,SN SA PEŠACIMA,Pešak se kre?e duž kolovoza
1140091,UŽICE,UŽICE,"10.07.2016,19:00",19.88589,43.86198,Sa poginulim,SN SA JEDNIM VOZILOM,Nezgoda sa jednim vozilom i prevrtanjem
1148327,UŽICE,UŽICE,"13.09.2016,14:45",19.877238,43.833717,Sa poginulim,SN SA NAJMANjE DVA VOZILA – BEZ SKRETANjA,Ostale nezgode sa najmanje dva vozila – suprotni smerovi bez skretanja
1135694,VALJEVO,LAJKOVAC,"05.06.2016,17:10",20.197789,44.331936,Sa poginulim,SN SA JEDNIM VOZILOM,Nezgoda sa jednim vozilom – silazak udesno sa kolovoza na pravcu
1143114,VALJEVO,LAJKOVAC,"02.08.2016,16:20",20.21394,44.37002,Sa poginulim,SN SA NAJMANjE DVA VOZILA – BEZ SKRETANjA,Ostale nezgode sa najmanje dva vozila – suprotni smerovi bez skretanja
1157876,VALJEVO,LAJKOVAC,"19.11.2016,17:48",20.160865,44.366703,Sa poginulim,SN SA PEŠACIMA,"Prelazak pešaka sleva, u raskrsnici, bez skretanja vozila"
1142382,VALJEVO,LJIG,"28.07.2016,00:10",20.27673,44.19868,Sa poginulim,SN SA NAJMANjE DVA VOZILA – BEZ SKRETANjA,Najmanje dva vozila – ?eoni sudar
1151778,VALJEVO,LJIG,"08.10.2016,19:05",20.27759,44.19901,Sa poginulim,SN SA NAJMANjE DVA VOZILA – BEZ SKRETANjA,Najmanje dva vozila – ?eoni sudar
1126576,VALJEVO,MIONICA,"26.03.2016,02:35",20.064889,44.173002,Sa poginulim,SN SA JEDNIM VOZILOM,Nezgoda sa jednim vozilom – silazak udesno sa kolovoza na pravcu
1144436,VALJEVO,MIONICA,"12.08.2016,17:20",20.040548,44.177046,Sa poginulim,SN SA PEŠACIMA,Pešak se kre?e duž kolovoza suprotno od smera kretanja vozila
1145291,VALJEVO,MIONICA,"20.08.2016,18:25",20.083077,44.227732,Sa poginulim,SN SA NAJMANjE DVA VOZILA – BEZ SKRETANjA,Najmanje dva vozila – ?eoni sudar
1150656,VALJEVO,OSE?INA,"01.10.2016,05:30",19.55848632,44.25957775,Sa poginulim,SN SA JEDNIM VOZILOM,Nezgoda sa jednim vozilom – silazak ulevo sa kolovoza na pravcu
1157704,VALJEVO,OSE?INA,"23.11.2016,13:00",19.64050744,44.32681961,Sa poginulim,SN SA JEDNIM VOZILOM,Nezgoda sa jednim vozilom – silazak sa kolovoza u krivini
1126363,VALJEVO,UB,"29.03.2016,20:40",20.116864,44.527967,Sa poginulim,SN SA PEŠACIMA,"Prelazak pešaka zdesna, van raskrsnice, bez skretanja vozila"
1128399,VALJEVO,UB,"14.04.2016,09:30",19.923538,44.441224,Sa poginulim,SN SA PEŠACIMA,"Pešak stoji ili se kre?e, sa kretanjem vozila unazad"
1146277,VALJEVO,UB,"27.08.2016,11:00",20.109515,44.50433,Sa poginulim,SN SA JEDNIM VOZILOM,Nezgoda sa jednim vozilom – silazak sa kolovoza u krivini
1148107,VALJEVO,UB,"10.09.2016,00:30",20.082086,44.526676,Sa poginulim,SN SA PEŠACIMA,Pešak se kre?e duž kolovoza u smeru kretanja vozila
1115944,VALJEVO,VALJEVO,"03.01.2016,11:03",20.06373,44.31283,Sa poginulim,SN SA JEDNIM VOZILOM,Nezgode sa u?eš?em šinskog i drumskog vozila
1126956,VALJEVO,VALJEVO,"03.04.2016,16:00",19.72075,44.24024,Sa poginulim,SN SA NAJMANjE DVA VOZILA – BEZ SKRETANjA,Najmanje dva vozila – ?eoni sudar
1129765,VALJEVO,VALJEVO,"23.04.2016,19:40",19.81014,44.25339,Sa poginulim,SN SA JEDNIM VOZILOM,Nezgoda sa jednim vozilom – silazak sa kolovoza u krivini
1133504,VALJEVO,VALJEVO,"22.05.2016,22:00",19.906331,44.274114,Sa poginulim,SN SA NAJMANjE DVA VOZILA – SKRETANjE ILI PRELAZAK,"Najmanje dva vozila koja se kre?u razli?itim putevima uz prolazak kroz raskrsnicu, ili od kojih jedno prelazi preko kolovoza, bez skretanja"
1140698,VALJEVO,VALJEVO,"14.07.2016,13:55",19.710632,44.305481,Sa poginulim,SN SA JEDNIM VOZILOM,Nezgoda sa jednim vozilom i prevrtanjem
1144204,VALJEVO,VALJEVO,"11.08.2016,10:05",19.80452,44.25423,Sa poginulim,SN SA JEDNIM VOZILOM,Nezgoda sa jednim vozilom – silazak udesno sa kolovoza na pravcu
1145101,VALJEVO,VALJEVO,"18.08.2016,19:00",19.898941,44.234108,Sa poginulim,SN SA JEDNIM VOZILOM,Nezgoda sa jednim vozilom – silazak ulevo sa kolovoza na pravcu
1147972,VALJEVO,VALJEVO,"11.09.2016,03:00",19.880352,44.299361,Sa poginulim,SN SA JEDNIM VOZILOM,Nezgoda sa jednim vozilom – silazak sa kolovoza u krivini
1149056,VALJEVO,VALJEVO,"19.09.2016,12:00",19.885629,44.274214,Sa poginulim,SN SA PEŠACIMA,"Prelazak pešaka zdesna, van raskrsnice, bez skretanja vozila"
1154577,VALJEVO,VALJEVO,"29.10.2016,10:45",19.919162,44.278496,Sa poginulim,SN SA NAJMANjE DVA VOZILA – BEZ SKRETANjA,Najmanje dva vozila koja se kre?u u istom smeru – sudar pri uporednoj vožnji
1155624,VALJEVO,VALJEVO,"05.11.2016,18:50",19.717858,44.317027,Sa poginulim,SN SA NAJMANjE DVA VOZILA – BEZ SKRETANjA,Najmanje dva vozila – ?eoni sudar
1159458,VALJEVO,VALJEVO,"06.12.2016,07:10",20.04885,44.291386,Sa poginulim,SN SA JEDNIM VOZILOM,Nezgoda sa jednim vozilom – silazak sa kolovoza u krivini
1159508,VALJEVO,VALJEVO,"06.12.2016,17:00",19.986835,44.354665,Sa poginulim,SN SA JEDNIM VOZILOM,Nezgoda sa jednim vozilom – silazak udesno sa kolovoza na pravcu
1121960,VRANJE,BUJANOVAC,"23.02.2016,16:15",21.702032,42.463707,Sa poginulim,SN SA JEDNIM VOZILOM,Nezgoda sa jednim vozilom na kolovozu
1135014,VRANJE,BUJANOVAC,"01.06.2016,16:10",21.76777,42.456751,Sa poginulim,SN SA PEŠACIMA,"Prelazak pešaka zdesna, van raskrsnice, bez skretanja vozila"
1136629,VRANJE,BUJANOVAC,"13.06.2016,21:15",21.75803,42.443085,Sa poginulim,SN SA NAJMANjE DVA VOZILA – BEZ SKRETANjA,Najmanje dva vozila koja se kre?u u istom smeru – sustizanje
1144077,VRANJE,BUJANOVAC,"09.08.2016,19:00",21.756717,42.466879,Sa poginulim,SN SA NAJMANjE DVA VOZILA – SKRETANjE ILI PRELAZAK,"Najmanje dva vozila koja se kre?u istim putem u istom smeru uz skretanje, skretanje ulevo ispred drugog vozila"
1131063,VRANJE,PREŠEVO,"01.05.2016,13:10",21.689638,42.378701,Sa poginulim,SN SA JEDNIM VOZILOM,Nezgoda sa jednim vozilom – silazak udesno sa kolovoza na pravcu
1139380,VRANJE,PREŠEVO,"05.07.2016,03:00",21.70948,42.29273,Sa poginulim,SN SA NAJMANjE DVA VOZILA – BEZ SKRETANjA,Ostale nezgode sa najmanje dva vozila – suprotni smerovi bez skretanja
1122310,VRANJE,VLADI?IN HAN,"25.02.2016,23:00",22.09243,42.77538,Sa poginulim,SN SA NAJMANjE DVA VOZILA – BEZ SKRETANjA,Najmanje dva vozila koja se kre?u u istom smeru – sustizanje
1127986,VRANJE,VLADI?IN HAN,"11.04.2016,13:27",22.047658,42.659089,Sa poginulim,SN SA JEDNIM VOZILOM,Nezgode sa u?eš?em šinskog i drumskog vozila
1135943,VRANJE,VRANJE,"06.06.2016,05:30",21.92475,42.54298,Sa poginulim,SN SA JEDNIM VOZILOM,Nezgoda sa jednim vozilom – silazak sa kolovoza u krivini
1137215,VRANJE,VRANJE,"18.06.2016,01:00",21.80639,42.50806,Sa poginulim,SN SA PEŠACIMA,"Prelazak pešaka sleva, van raskrsnice , bez skretanja vozila"
1155602,VRANJE,VRANJE,"05.11.2016,11:25",21.82799,42.523247,Sa poginulim,SN SA NAJMANjE DVA VOZILA – BEZ SKRETANjA,Najmanje dva vozila – ?eoni sudar
1157451,VRANJE,VRANJE,"21.11.2016,17:20",21.935969,42.552697,Sa poginulim,SN SA PEŠACIMA,"Prelazak pešaka sleva, van raskrsnice , bez skretanja vozila"
1162110,VRANJE,VRANJE,"24.12.2016,16:45",21.851921,42.48804,Sa poginulim,SN SA NAJMANjE DVA VOZILA – BEZ SKRETANjA,Najmanje dva vozila – ?eoni sudar
1122405,ZAJE?AR,BOLJEVAC,"24.02.2016,18:14",21.95502707,43.84258308,Sa poginulim,SN SA PEŠACIMA,Pešak se kre?e duž kolovoza u smeru kretanja vozila
1148433,ZAJE?AR,BOLJEVAC,"12.09.2016,18:10",22.097607,43.899815,Sa poginulim,SN SA JEDNIM VOZILOM,Nezgoda sa jednim vozilom – silazak udesno sa kolovoza na pravcu
1150610,ZAJE?AR,BOLJEVAC,"30.09.2016,19:00",21.86482682,43.80439972,Sa poginulim,SN SA NAJMANjE DVA VOZILA – BEZ SKRETANjA,Najmanje dva vozila – ?eoni sudar
1161830,ZAJE?AR,BOLJEVAC,"24.12.2016,18:45",22.00150983,43.88978769,Sa poginulim,SN SA NAJMANjE DVA VOZILA – BEZ SKRETANjA,Najmanje dva vozila – ?eoni sudar
1140884,ZAJE?AR,KNJAŽEVAC,"15.07.2016,19:00",22.25035289,43.58761804,Sa poginulim,SN SA NAJMANjE DVA VOZILA – BEZ SKRETANjA,Najmanje dva vozila – ?eoni sudar
1126519,ZAJE?AR,ZAJE?AR,"30.03.2016,17:55",22.22734,43.73138,Sa poginulim,SN SA JEDNIM VOZILOM,Nezgoda sa jednim vozilom – silazak udesno sa kolovoza na pravcu
1139799,ZAJE?AR,ZAJE?AR,"07.07.2016,20:25",22.22844798,43.88084969,Sa poginulim,SN SA PEŠACIMA,Pešak se kre?e duž kolovoza u smeru kretanja vozila
1149040,ZAJE?AR,ZAJE?AR,"18.09.2016,17:05",22.08622,43.76019,Sa poginulim,SN SA JEDNIM VOZILOM,Nezgoda sa jednim vozilom na kolovozu
1151188,ZAJE?AR,ZAJE?AR,"04.10.2016,19:00",22.2298385,43.72122843,Sa poginulim,SN SA JEDNIM VOZILOM,Nezgoda sa jednim vozilom i prevrtanjem
1159506,ZAJE?AR,ZAJE?AR,"06.12.2016,16:50",22.29034561,43.90338372,Sa poginulim,SN SA PEŠACIMA,Pešak se kre?e duž kolovoza suprotno od smera kretanja vozila
1119260,ZRENJANIN,NOVI BE?EJ,"29.01.2016,18:35",20.269966,45.694562,Sa poginulim,SN SA NAJMANjE DVA VOZILA – BEZ SKRETANjA,Najmanje dva vozila – ?eoni sudar
1141357,ZRENJANIN,NOVI BE?EJ,"15.07.2016,13:00",20.28134,45.76531,Sa poginulim,SN SA PEŠACIMA,Pešak – ostale situacije
1156293,ZRENJANIN,NOVI BE?EJ,"10.11.2016,18:25",20.267897,45.693706,Sa poginulim,SN SA PEŠACIMA,Pešak stoji na kolovozu
1160266,ZRENJANIN,NOVI BE?EJ,"12.12.2016,14:00",20.249443,45.677826,Sa poginulim,SN SA JEDNIM VOZILOM,Nezgoda sa jednim vozilom – silazak sa kolovoza u krivini
1137306,ZRENJANIN,SE?ANJ,"19.06.2016,17:45",20.74386,45.31545,Sa poginulim,SN SA NAJMANjE DVA VOZILA – BEZ SKRETANjA,Najmanje dva vozila – ?eoni sudar
1125615,ZRENJANIN,ŽITIŠTE,"25.03.2016,15:20",20.552861,45.478025,Sa poginulim,SN SA NAJMANjE DVA VOZILA – SKRETANjE ILI PRELAZAK,Najmanje dva vozila koja se kre?u razli?itim putevima uz skretanje ulevo i uz nailazak vozila sleva
1137742,ZRENJANIN,ŽITIŠTE,"21.06.2016,22:00",20.530341,45.502542,Sa poginulim,SN SA PEŠACIMA,"Prelazak pešaka zdesna, van raskrsnice, bez skretanja vozila"
1161082,ZRENJANIN,ŽITIŠTE,"19.12.2016,21:30",20.5485962,45.4727393,Sa poginulim,SN SA JEDNIM VOZILOM,Nezgoda sa jednim vozilom – silazak sa kolovoza u krivini
1118596,ZRENJANIN,ZRENJANIN,"27.01.2016,11:15",20.398956,45.377325,Sa poginulim,SN SA JEDNIM VOZILOM,"Nezgoda sa jednim vozilom bez prepreka na kolovozu na nepoznat, nespecificiran na?in"
1133430,ZRENJANIN,ZRENJANIN,"22.05.2016,03:45",20.51401,45.45248,Sa poginulim,SN SA JEDNIM VOZILOM,Nezgoda sa jednim vozilom – silazak udesno sa kolovoza na pravcu
1136362,ZRENJANIN,ZRENJANIN,"11.06.2016,13:10",20.225228,45.391885,Sa poginulim,SN SA JEDNIM VOZILOM,Nezgoda sa jednim vozilom – silazak udesno sa kolovoza na pravcu
1149782,ZRENJANIN,ZRENJANIN,"24.09.2016,10:10",20.425157,45.34726,Sa poginulim,SN SA NAJMANjE DVA VOZILA – BEZ SKRETANjA,Najmanje dva vozila – ?eoni sudar
1153692,ZRENJANIN,ZRENJANIN,"23.10.2016,02:50",20.387541,45.379501,Sa poginulim,SN SA JEDNIM VOZILOM,Nezgoda sa jednim vozilom – silazak ulevo sa kolovoza na pravcu
1155396,ZRENJANIN,ZRENJANIN,"04.11.2016,01:00",20.444137,45.312632,Sa poginulim,SN SA PEŠACIMA,Pešak – ostale situacije
1158130,ZRENJANIN,ZRENJANIN,"26.11.2016,16:40",20.345602,45.412994,Sa poginulim,SN SA NAJMANjE DVA VOZILA – BEZ SKRETANjA,Najmanje dva vozila koja se kre?u u istom smeru – sustizanje
1160839,ZRENJANIN,ZRENJANIN,"17.12.2016,18:50",20.379881,45.390503,Sa poginulim,SN SA PEŠACIMA,"Prelazak pešaka sleva, u raskrsnici, bez skretanja vozila"
