1253509,BEOGRAD,BARAJEVO,"06.05.2019,12:30",20.362298,44.614625,Sa poginulim,SN SA NAJMANjE DVA VOZILA – SKRETANjE ILI PRELAZAK,Najmanje dva vozila koja se kre?u istim putem u suprotnim smerovima uz skretanje ulevo ispred drugog vozila
1265150,BEOGRAD,BARAJEVO,"09.09.2019,17:20",20.297278,44.591449,Sa poginulim,SN SA PEŠACIMA,"Prelazak pešaka sleva, van raskrsnice , bez skretanja vozila"
1266937,BEOGRAD,BARAJEVO,"27.09.2019,17:15",20.413456,44.553235,Sa poginulim,SN SA PEŠACIMA,Pešak – ostale situacije
1275283,BEOGRAD,BARAJEVO,"17.12.2019,16:45",20.330041,44.58172,Sa poginulim,SN SA PEŠACIMA,"Prelazak pešaka sleva, van raskrsnice , bez skretanja vozila"
1246178,BEOGRAD,GROCKA,"24.02.2019,20:00",20.610525,44.67629,Sa poginulim,SN SA JEDNIM VOZILOM,Nezgoda sa jednim vozilom – silazak udesno sa kolovoza na pravcu
1252789,BEOGRAD,GROCKA,"12.05.2019,00:10",20.72748,44.5933,Sa poginulim,SN SA JEDNIM VOZILOM,Nezgoda sa jednim vozilom – silazak ulevo sa kolovoza na pravcu
1253203,BEOGRAD,GROCKA,"16.05.2019,20:30",20.637962,44.63086,Sa poginulim,SN SA NAJMANjE DVA VOZILA – BEZ SKRETANjA,Ostale nezgode sa u?eš?em najmanje dva vozila bez skretanja (bez podataka o smeru)
1253203,BEOGRAD,GROCKA,"16.05.2019,20:30",20.637962,44.63086,Sa poginulim,SN SA JEDNIM VOZILOM,Nezgoda sa jednim vozilom – silazak udesno sa kolovoza na pravcu
1256081,BEOGRAD,GROCKA,"14.06.2019,18:45",20.592049,44.644268,Sa poginulim,SN SA JEDNIM VOZILOM,Nezgoda sa jednim vozilom na kolovozu
1262532,BEOGRAD,GROCKA,"16.08.2019,05:30",20.642008,44.614802,Sa poginulim,SN SA PEŠACIMA,Pešak – ostale situacije
1270813,BEOGRAD,GROCKA,"04.11.2019,09:35",20.575913,44.727689,Sa poginulim,SN SA PEŠACIMA,"Prelazak pešaka zdesna, van raskrsnice, bez skretanja vozila"
1247188,BEOGRAD,LAZAREVAC,"13.03.2019,13:55",20.294752,44.512657,Sa poginulim,SN SA PEŠACIMA,"Prelazak pešaka zdesna, van raskrsnice, bez skretanja vozila"
1256123,BEOGRAD,LAZAREVAC,"15.06.2019,04:00",20.26467,44.43411,Sa poginulim,SN SA NAJMANjE DVA VOZILA – BEZ SKRETANjA,Ostale nezgode sa najmanje dva vozila – suprotni smerovi bez skretanja
1261900,BEOGRAD,LAZAREVAC,"09.08.2019,01:00",20.21168,44.33742,Sa poginulim,SN SA NAJMANjE DVA VOZILA – SKRETANjE ILI PRELAZAK,Najmanje dva vozila koja se kre?u razli?itim putevima uz skretanje ulevo i uz nailazak vozila zdesna
1266150,BEOGRAD,LAZAREVAC,"22.09.2019,14:00",20.38226,44.3503,Sa poginulim,SN SA JEDNIM VOZILOM,Nezgoda sa jednim vozilom – silazak sa kolovoza u krivini
1273949,BEOGRAD,LAZAREVAC,"29.11.2019,21:25",20.28409,44.48222,Sa poginulim,SN SA NAJMANjE DVA VOZILA – SKRETANjE ILI PRELAZAK,"Najmanje dva vozila koja se kre?u razli?itim putevima uz prolazak kroz raskrsnicu, ili od kojih jedno prelazi preko kolovoza, bez skretanja"
1240852,BEOGRAD,MLADENOVAC,"02.01.2019,14:20",20.65746,44.49014,Sa poginulim,SN SA PEŠACIMA,Pešak se kre?e duž kolovoza suprotno od smera kretanja vozila
1241391,BEOGRAD,MLADENOVAC,"04.01.2019,14:20",20.65415,44.46872,Sa poginulim,SN SA JEDNIM VOZILOM,Nezgoda sa jednim vozilom – silazak udesno sa kolovoza na pravcu
1250906,BEOGRAD,MLADENOVAC,"22.04.2019,04:15",20.73635,44.43523,Sa poginulim,SN SA JEDNIM VOZILOM,Nezgoda sa jednim vozilom – silazak udesno sa kolovoza na pravcu
1260517,BEOGRAD,MLADENOVAC,"27.07.2019,02:20",20.667387,44.466705,Sa poginulim,SN SA JEDNIM VOZILOM,Nezgoda sa jednim vozilom – silazak ulevo sa kolovoza na pravcu
1267759,BEOGRAD,MLADENOVAC,"06.10.2019,17:40",20.69361,44.4357,Sa poginulim,SN SA JEDNIM VOZILOM,Nezgoda sa jednim vozilom – silazak udesno sa kolovoza na pravcu
1257943,BEOGRAD,NOVI BEOGRAD,"29.06.2019,21:20",20.411025,44.830379,Sa poginulim,SN SA PEŠACIMA,"Prelazak pešaka zdesna, van raskrsnice, bez skretanja vozila"
1259880,BEOGRAD,NOVI BEOGRAD,"19.07.2019,12:35",20.37212,44.79808,Sa poginulim,SN SA JEDNIM VOZILOM,Nezgoda sa jednim vozilom na kolovozu
1266933,BEOGRAD,NOVI BEOGRAD,"28.09.2019,00:20",20.36278,44.829743,Sa poginulim,SN SA NAJMANjE DVA VOZILA – BEZ SKRETANjA,Najmanje dva vozila koja se kre?u u istom smeru – sudar pri uporednoj vožnji
1274404,BEOGRAD,NOVI BEOGRAD,"06.12.2019,17:35",20.412996,44.817439,Sa poginulim,SN SA PEŠACIMA,Pešak zaustavljen na trotoaru ili biciklisti?koj stazi
1276029,BEOGRAD,NOVI BEOGRAD,"18.12.2019,19:20",20.374655,44.79312,Sa poginulim,SN SA PEŠACIMA,Pešak – ostale situacije
1256121,BEOGRAD,OBRENOVAC,"12.06.2019,20:58",20.14732,44.5576,Sa poginulim,SN SA NAJMANjE DVA VOZILA – SKRETANjE ILI PRELAZAK,Najmanje dva vozila koja se kre?u istim putem u suprotnim smerovima uz skretanje ulevo ispred drugog vozila
1256173,BEOGRAD,OBRENOVAC,"14.06.2019,14:05",20.10694,44.65592,Sa poginulim,SN SA NAJMANjE DVA VOZILA – SKRETANjE ILI PRELAZAK,Najmanje dva vozila koja se kre?u istim putem u suprotnim smerovima uz skretanje ulevo ispred drugog vozila
1256762,BEOGRAD,OBRENOVAC,"20.06.2019,14:05",20.20434,44.65941,Sa poginulim,SN SA NAJMANjE DVA VOZILA – SKRETANjE ILI PRELAZAK,"Najmanje dva vozila koja se kre?u istim putem u istom smeru uz skretanje, skretanje udesno ispred drugog vozila"
1263449,BEOGRAD,OBRENOVAC,"23.08.2019,22:45",20.170973,44.620161,Sa poginulim,SN SA NAJMANjE DVA VOZILA – BEZ SKRETANjA,Ostali sudari sa najmanje dva vozila koja se kre?u u istom smeru – ostalo
1265916,BEOGRAD,OBRENOVAC,"19.09.2019,17:15",20.091886,44.632848,Sa poginulim,SN SA JEDNIM VOZILOM,Nezgoda sa jednim vozilom – silazak sa kolovoza u krivini
1271931,BEOGRAD,OBRENOVAC,"09.11.2019,12:00",20.0337,44.67244,Sa poginulim,SN SA NAJMANjE DVA VOZILA – BEZ SKRETANjA,Ostale nezgode sa u?eš?em najmanje dva vozila bez skretanja (bez podataka o smeru)
1273932,BEOGRAD,OBRENOVAC,"20.11.2019,16:30",20.17911,44.62884,Sa poginulim,SN SA PEŠACIMA,"Prelazak pešaka sleva, van raskrsnice , bez skretanja vozila"
1275635,BEOGRAD,OBRENOVAC,"02.12.2019,01:30",20.136502,44.646253,Sa poginulim,SN SA JEDNIM VOZILOM,Nezgoda sa jednim vozilom – silazak sa kolovoza u krivini
1242159,BEOGRAD,PALILULA,"17.01.2019,16:55",20.51054,44.88446,Sa poginulim,SN SA PEŠACIMA,"Prelazak pešaka sleva, van raskrsnice , bez skretanja vozila"
1249066,BEOGRAD,PALILULA,"02.04.2019,20:30",20.43956,44.90188,Sa poginulim,SN SA NAJMANjE DVA VOZILA – SKRETANjE ILI PRELAZAK,Najmanje dva vozila koja se kre?u istim putem u suprotnim smerovima uz skretanje ulevo ispred drugog vozila
1251292,BEOGRAD,PALILULA,"25.04.2019,19:55",20.46218,45.00235,Sa poginulim,SN SA NAJMANjE DVA VOZILA – SKRETANjE ILI PRELAZAK,Najmanje dva vozila koja se kre?u istim putem u suprotnim smerovima uz skretanje ulevo ispred drugog vozila
1257007,BEOGRAD,PALILULA,"22.06.2019,15:00",20.47281,44.9105,Sa poginulim,SN SA NAJMANjE DVA VOZILA – BEZ SKRETANjA,Najmanje dva vozila koja se kre?u u istom smeru – sustizanje
1258443,BEOGRAD,PALILULA,"05.07.2019,22:15",20.50874,44.911891,Sa poginulim,SN SA JEDNIM VOZILOM,Nezgoda sa jednim vozilom – silazak sa kolovoza u krivini
1258443,BEOGRAD,PALILULA,"05.07.2019,22:15",20.50874,44.911891,Sa poginulim,SN SA JEDNIM VOZILOM,Nezgoda sa jednim vozilom i prevrtanjem
1258791,BEOGRAD,PALILULA,"09.07.2019,09:45",20.40015,45.02,Sa poginulim,SN SA JEDNIM VOZILOM,Nezgoda sa jednim vozilom – silazak udesno sa kolovoza na pravcu
1259696,BEOGRAD,PALILULA,"18.07.2019,22:50",20.432717,44.948484,Sa poginulim,SN SA NAJMANjE DVA VOZILA – BEZ SKRETANjA,Najmanje dva vozila – ?eoni sudar
1264882,BEOGRAD,PALILULA,"06.09.2019,05:40",20.59458,44.86762,Sa poginulim,SN SA PEŠACIMA,"Prelazak pešaka sleva, van raskrsnice , bez skretanja vozila"
1272000,BEOGRAD,PALILULA,"03.11.2019,19:20",20.412182,44.862605,Sa poginulim,SN SA JEDNIM VOZILOM,Nezgoda sa jednim vozilom – silazak sa kolovoza u krivini
1275268,BEOGRAD,PALILULA,"13.12.2019,21:00",20.443675,44.913059,Sa poginulim,SN SA PEŠACIMA,"Prelazak pešaka preko kolovoza, van raskrsnice, bez skretanja vozila"
1255520,BEOGRAD,RAKOVICA,"07.06.2019,20:20",20.454562,44.720971,Sa poginulim,SN SA PEŠACIMA,Pešak se kre?e duž kolovoza
1257556,BEOGRAD,RAKOVICA,"28.06.2019,18:55",20.44969,44.72034,Sa poginulim,SN SA NAJMANjE DVA VOZILA – SKRETANjE ILI PRELAZAK,Najmanje dva vozila koja se kre?u istim putem u suprotnim smerovima uz skretanje ulevo ispred drugog vozila
1250505,BEOGRAD,SAVSKI VENAC,"18.04.2019,00:05",20.465802,44.792242,Sa poginulim,SN SA PARKIRANIM VOZILIMA,Sudar sa parkiranim vozilom sa leve strane kolovoza
1250505,BEOGRAD,SAVSKI VENAC,"18.04.2019,00:05",20.465802,44.792242,Sa poginulim,SN SA PEŠACIMA,Pešak stoji na kolovozu
1258184,BEOGRAD,SOPOT,"24.06.2019,01:30",20.614421,44.521496,Sa poginulim,SN SA JEDNIM VOZILOM,Nezgoda sa jednim vozilom – silazak sa kolovoza u krivini
1253811,BEOGRAD,STARI GRAD,"22.05.2019,19:35",20.465977,44.816618,Sa poginulim,SN SA PEŠACIMA,"Prelazak pešaka zdesna, van raskrsnice, bez skretanja vozila"
1271144,BEOGRAD,STARI GRAD,"06.11.2019,07:50",20.448128,44.826956,Sa poginulim,SN SA PEŠACIMA,"Prelazak pešaka preko kolovoza, u ili van raskrsnice, bez skretanja vozila"
1246460,BEOGRAD,SUR?IN,"05.03.2019,15:50",20.171055,44.789657,Sa poginulim,SN SA NAJMANjE DVA VOZILA – BEZ SKRETANjA,Najmanje dva vozila – ?eoni sudar
1264186,BEOGRAD,SUR?IN,"01.09.2019,20:10",20.26576,44.74714,Sa poginulim,SN SA NAJMANjE DVA VOZILA – SKRETANjE ILI PRELAZAK,Najmanje dva vozila koja se kre?u istim putem u suprotnim smerovima uz skretanje ulevo ispred drugog vozila
1264957,BEOGRAD,SUR?IN,"09.09.2019,21:45",20.25664,44.751023,Sa poginulim,SN SA PEŠACIMA,"Prelazak pešaka sleva, van raskrsnice , bez skretanja vozila"
1272309,BEOGRAD,SUR?IN,"15.11.2019,12:30",20.28409,44.79637,Sa poginulim,SN SA PARKIRANIM VOZILIMA,Sudar sa parkiranim vozilom sa desne strane kolovoza
1272635,BEOGRAD,SUR?IN,"18.11.2019,08:25",20.27068,44.791061,Sa poginulim,SN SA PEŠACIMA,"Prelazak pešaka zdesna, van raskrsnice, bez skretanja vozila"
1241594,BEOGRAD,VOŽDOVAC,"10.01.2019,16:50",20.51076,44.652443,Sa poginulim,SN SA JEDNIM VOZILOM,Nezgoda sa jednim vozilom – silazak ulevo sa kolovoza na pravcu
1242190,BEOGRAD,VOŽDOVAC,"17.01.2019,06:35",20.471758,44.788613,Sa poginulim,SN SA PEŠACIMA,"Prelazak pešaka zdesna, van raskrsnice, bez skretanja vozila"
1245326,BEOGRAD,VOŽDOVAC,"22.02.2019,08:45",20.47212,44.76352,Sa poginulim,SN SA PEŠACIMA,"Prelazak pešaka zdesna , u raskrsnici, bez skretanja vozila"
1249085,BEOGRAD,VOŽDOVAC,"02.04.2019,23:00",20.50118,44.717531,Sa poginulim,SN SA NAJMANjE DVA VOZILA – SKRETANjE ILI PRELAZAK,"Najmanje dva vozila koja se kre?u razli?itim putevima uz prolazak kroz raskrsnicu, ili od kojih jedno prelazi preko kolovoza, bez skretanja"
1256051,BEOGRAD,VOŽDOVAC,"13.06.2019,15:20",20.47305,44.75983,Sa poginulim,SN SA PEŠACIMA,"Prelazak pešaka zdesna, van raskrsnice, bez skretanja vozila"
1258967,BEOGRAD,VOŽDOVAC,"09.07.2019,01:20",20.47701,44.78601,Sa poginulim,SN SA PEŠACIMA,"Prelazak pešaka zdesna, van raskrsnice, bez skretanja vozila"
1262737,BEOGRAD,VOŽDOVAC,"18.08.2019,10:45",20.55239,44.62915,Sa poginulim,SN SA JEDNIM VOZILOM,Nezgoda sa jednim vozilom – silazak sa kolovoza u krivini
1268651,BEOGRAD,VOŽDOVAC,"15.10.2019,14:05",20.48064,44.78461,Sa poginulim,SN SA PEŠACIMA,"Prelazak pešaka zdesna, van raskrsnice, bez skretanja vozila"
1270172,BEOGRAD,VOŽDOVAC,"28.10.2019,08:55",20.488137,44.764512,Sa poginulim,SN SA PEŠACIMA,"Prelazak pešaka zdesna, van raskrsnice, bez skretanja vozila"
1271998,BEOGRAD,VOŽDOVAC,"15.11.2019,18:50",20.458852,44.636708,Sa poginulim,SN SA PEŠACIMA,Pešak se kre?e duž kolovoza u smeru kretanja vozila
1272446,BEOGRAD,VOŽDOVAC,"19.11.2019,14:55",20.552919,44.625972,Sa poginulim,SN SA NAJMANjE DVA VOZILA – BEZ SKRETANjA,Najmanje dva vozila – ?eoni sudar
1246846,BEOGRAD,ZEMUN,"04.03.2019,17:00",20.379624,44.85828,Sa poginulim,SN SA PEŠACIMA,"Prelazak pešaka sleva, u raskrsnici, bez skretanja vozila"
1257963,BEOGRAD,ZEMUN,"02.07.2019,08:05",20.34221,44.833729,Sa poginulim,SN SA PEŠACIMA,"Prelazak pešaka zdesna, van raskrsnice, bez skretanja vozila"
1259665,BEOGRAD,ZEMUN,"18.07.2019,17:30",20.224638,44.889024,Sa poginulim,SN SA NAJMANjE DVA VOZILA – BEZ SKRETANjA,Najmanje dva vozila koja se kre?u u istom smeru – sustizanje
1259665,BEOGRAD,ZEMUN,"18.07.2019,17:30",20.224638,44.889024,Sa poginulim,SN SA NAJMANjE DVA VOZILA – SKRETANjE ILI PRELAZAK,Najmanje dva vozila koja se kre?u istim putem u suprotnim smerovima uz skretanje ulevo ispred drugog vozila
1266238,BEOGRAD,ZEMUN,"14.09.2019,08:30",20.326831,44.881414,Sa poginulim,SN SA PEŠACIMA,Pešak se kre?e duž kolovoza u smeru kretanja vozila
1265944,BEOGRAD,ZEMUN,"20.09.2019,04:50",20.351756,44.862133,Sa poginulim,SN SA PEŠACIMA,Pešak se kre?e duž kolovoza u smeru kretanja vozila
1267593,BEOGRAD,ZEMUN,"05.10.2019,05:40",20.30477,44.91883,Sa poginulim,SN SA NAJMANjE DVA VOZILA – BEZ SKRETANjA,Najmanje dva vozila koja se kre?u u istom smeru – sustizanje
1277125,BEOGRAD,ZEMUN,"30.12.2019,23:00",20.37432,44.851022,Sa poginulim,SN SA JEDNIM VOZILOM,Nezgoda sa jednim vozilom na kolovozu
1241741,BEOGRAD,ZVEZDARA,"07.01.2019,16:30",20.53669,44.787231,Sa poginulim,SN SA PEŠACIMA,"Prelazak pešaka sleva, u raskrsnici, bez skretanja vozila"
1249010,BEOGRAD,ZVEZDARA,"31.03.2019,09:30",20.542225,44.743542,Sa poginulim,SN SA PEŠACIMA,Pešak – ostale situacije
1253734,BEOGRAD,ZVEZDARA,"17.05.2019,18:25",20.520928,44.791664,Sa poginulim,SN SA JEDNIM VOZILOM,Nezgoda sa jednim vozilom na kolovozu
1271051,BEOGRAD,ZVEZDARA,"04.11.2019,13:00",20.50529,44.79291,Sa poginulim,SN SA PEŠACIMA,"Prelazak pešaka zdesna, van raskrsnice, bez skretanja vozila"
1244431,BEOGRAD,?UKARICA,"04.02.2019,18:45",20.359841,44.742405,Sa poginulim,SN SA PEŠACIMA,"Prelazak pešaka preko kolovoza, u ili van raskrsnice, bez skretanja vozila"
1251692,BEOGRAD,?UKARICA,"29.04.2019,11:20",20.412009,44.784549,Sa poginulim,SN SA PEŠACIMA,"Prelazak pešaka sleva, u raskrsnici, bez skretanja vozila"
1252043,BEOGRAD,?UKARICA,"30.04.2019,20:25",20.412011,44.784579,Sa poginulim,SN SA PEŠACIMA,"Prelazak pešaka zdesna , u raskrsnici, bez skretanja vozila"
1252142,BEOGRAD,?UKARICA,"01.05.2019,22:15",20.43211,44.65705,Sa poginulim,SN SA NAJMANjE DVA VOZILA – SKRETANjE ILI PRELAZAK,Najmanje dva vozila koja se kre?u istim putem u suprotnim smerovima uz skretanje ulevo ispred drugog vozila
1254254,BEOGRAD,?UKARICA,"11.05.2019,22:50",20.414692,44.740035,Sa poginulim,SN SA PEŠACIMA,"Prelazak pešaka zdesna, van raskrsnice, bez skretanja vozila"
1259720,BEOGRAD,?UKARICA,"18.07.2019,15:00",20.380488,44.692729,Sa poginulim,SN SA PEŠACIMA,"Prelazak pešaka zdesna, van raskrsnice, bez skretanja vozila"
1260201,BEOGRAD,?UKARICA,"20.07.2019,14:35",20.357653,44.723407,Sa poginulim,SN SA NAJMANjE DVA VOZILA – BEZ SKRETANjA,Ostale nezgode sa u?eš?em najmanje dva vozila bez skretanja (bez podataka o smeru)
1260736,BEOGRAD,?UKARICA,"28.07.2019,21:00",20.32064,44.71811,Sa poginulim,SN SA PEŠACIMA,"Prelazak pešaka sleva, van raskrsnice , bez skretanja vozila"
1267116,BEOGRAD,?UKARICA,"01.10.2019,15:50",20.388772,44.714396,Sa poginulim,SN SA NAJMANjE DVA VOZILA – SKRETANjE ILI PRELAZAK,Ostale nezgode sa najmanje dva vozila koja se kre?u istim putem u suprotnim smerovima uz skretanje
1269065,BEOGRAD,?UKARICA,"18.10.2019,09:40",20.413478,44.768801,Sa poginulim,SN SA PEŠACIMA,"Prelazak pešaka zdesna, sa skretanjem vozila ulevo, u raskrsnici"
1270053,BEOGRAD,?UKARICA,"29.10.2019,10:50",20.427938,44.764347,Sa poginulim,SN SA PEŠACIMA,"Prelazak pešaka zdesna, van raskrsnice, bez skretanja vozila"
1271819,BEOGRAD,?UKARICA,"12.11.2019,21:30",20.420388,44.69153,Sa poginulim,SN SA NAJMANjE DVA VOZILA – SKRETANjE ILI PRELAZAK,Najmanje dva vozila koja se kre?u istim putem u suprotnim smerovima uz skretanje ulevo ispred drugog vozila
1276602,BEOGRAD,?UKARICA,"24.12.2019,16:30",20.38955,44.67779,Sa poginulim,SN SA PEŠACIMA,"Prelazak pešaka sleva, van raskrsnice , bez skretanja vozila"
1241383,BOR,BOR,"06.01.2019,13:00",22.0980889,44.076714,Sa poginulim,SN SA PEŠACIMA,"Prelazak pešaka sleva, van raskrsnice , bez skretanja vozila"
1251827,BOR,BOR,"18.04.2019,15:30",22.100411,44.062492,Sa poginulim,SN SA NAJMANjE DVA VOZILA – SKRETANjE ILI PRELAZAK,Ostale nezgode sa najmanje dva vozila koja se kre?u istim putem u istom smeru uz skretanje
1251160,BOR,KLADOVO,"24.04.2019,14:50",22.555544,44.638977,Sa poginulim,SN SA NAJMANjE DVA VOZILA – BEZ SKRETANjA,Najmanje dva vozila koja se kre?u u istom smeru – sustizanje
1263904,BOR,KLADOVO,"30.08.2019,13:50",22.73651149,44.55944704,Sa poginulim,SN SA NAJMANjE DVA VOZILA – BEZ SKRETANjA,Najmanje dva vozila – ?eoni sudar
1272398,BOR,KLADOVO,"20.11.2019,00:10",22.565611,44.632429,Sa poginulim,SN SA JEDNIM VOZILOM,Nezgoda sa jednim vozilom i prevrtanjem
1256120,BOR,NEGOTIN,"14.06.2019,09:25",22.506932,44.279361,Sa poginulim,SN SA NAJMANjE DVA VOZILA – BEZ SKRETANjA,Najmanje dva vozila – ?eoni sudar
1265471,JAGODINA,DESPOTOVAC,"13.09.2019,04:30",21.330969,44.15904,Sa poginulim,SN SA PEŠACIMA,Pešak – ostale situacije
1255526,JAGODINA,JAGODINA,"08.06.2019,04:40",21.169389,44.091877,Sa poginulim,SN SA JEDNIM VOZILOM,Nezgoda sa jednim vozilom – silazak udesno sa kolovoza na pravcu
1257144,JAGODINA,JAGODINA,"25.06.2019,02:10",21.16368,44.09908,Sa poginulim,SN SA NAJMANjE DVA VOZILA – BEZ SKRETANjA,Najmanje dva vozila koja se kre?u u istom smeru – sustizanje
1258785,JAGODINA,JAGODINA,"09.07.2019,07:20",21.191648,44.074737,Sa poginulim,SN SA PARKIRANIM VOZILIMA,Sudar sa parkiranim vozilom sa desne strane kolovoza
1258785,JAGODINA,JAGODINA,"09.07.2019,07:20",21.191648,44.074737,Sa poginulim,SN SA PEŠACIMA,Pešak – ostale situacije
1269708,JAGODINA,JAGODINA,"26.10.2019,02:10",21.285517,43.989485,Sa poginulim,SN SA NAJMANjE DVA VOZILA – BEZ SKRETANjA,Najmanje dva vozila koja se kre?u u istom smeru – sustizanje
1269760,JAGODINA,JAGODINA,"27.10.2019,02:00",21.238016,43.987191,Sa poginulim,SN SA JEDNIM VOZILOM,Nezgoda sa jednim vozilom i prevrtanjem
1253253,JAGODINA,PARA?IN,"17.05.2019,12:00",21.427497,43.817851,Sa poginulim,SN SA JEDNIM VOZILOM,Nezgoda sa jednim vozilom – silazak udesno sa kolovoza na pravcu
1257155,JAGODINA,PARA?IN,"25.06.2019,10:00",21.406725,43.861886,Sa poginulim,SN SA PEŠACIMA,"Prelazak pešaka zdesna, van raskrsnice, bez skretanja vozila"
1257663,JAGODINA,PARA?IN,"29.06.2019,22:50",21.475192,43.867718,Sa poginulim,SN SA NAJMANjE DVA VOZILA – BEZ SKRETANjA,Najmanje dva vozila koja se kre?u u istom smeru – sustizanje
1261866,JAGODINA,PARA?IN,"09.08.2019,13:05",21.436785,43.861541,Sa poginulim,SN SA NAJMANjE DVA VOZILA – BEZ SKRETANjA,Najmanje dva vozila koja se kre?u u istom smeru – sustizanje
1266467,JAGODINA,REKOVAC,"25.09.2019,15:00",21.069663,43.747564,Sa poginulim,SN SA JEDNIM VOZILOM,Nezgoda sa jednim vozilom na kolovozu
1256505,JAGODINA,SVILAJNAC,"18.06.2019,18:45",21.21832,44.27863,Sa poginulim,SN SA NAJMANjE DVA VOZILA – SKRETANjE ILI PRELAZAK,"Najmanje dva vozila koja se kre?u istim putem u istom smeru uz skretanje, skretanje ulevo ispred drugog vozila"
1261583,JAGODINA,?UPRIJA,"06.08.2019,00:45",21.393279,43.905957,Sa poginulim,SN SA JEDNIM VOZILOM,Nezgoda sa jednim vozilom – silazak ulevo sa kolovoza na pravcu
1263069,JAGODINA,?UPRIJA,"22.08.2019,08:30",21.379439,43.941622,Sa poginulim,SN SA PEŠACIMA,Pešak zaustavljen na trotoaru ili biciklisti?koj stazi
1264101,KIKINDA,ADA,"01.09.2019,05:10",20.0986166,45.82197545,Sa poginulim,SN SA NAJMANjE DVA VOZILA – BEZ SKRETANjA,Najmanje dva vozila koja se kre?u u istom smeru – sustizanje
1242649,KIKINDA,KANJIŽA,"22.01.2019,21:30",20.02675,46.045118,Sa poginulim,SN SA NAJMANjE DVA VOZILA – SKRETANjE ILI PRELAZAK,Najmanje dva vozila koja se kre?u istim putem u suprotnim smerovima uz skretanje ulevo ispred drugog vozila
1243224,KIKINDA,KANJIŽA,"28.01.2019,23:30",20.03926,46.10429,Sa poginulim,SN SA JEDNIM VOZILOM,Nezgoda sa jednim vozilom i prevrtanjem
1251891,KIKINDA,KANJIŽA,"01.05.2019,04:30",19.94088,46.14549,Sa poginulim,SN SA NAJMANjE DVA VOZILA – BEZ SKRETANjA,Najmanje dva vozila koja se kre?u u istom smeru – sustizanje
1249077,KIKINDA,KIKINDA,"02.04.2019,20:00",20.38529,45.81647,Sa poginulim,SN SA NAJMANjE DVA VOZILA – BEZ SKRETANjA,Najmanje dva vozila koja se kre?u u istom smeru – sustizanje
1249077,KIKINDA,KIKINDA,"02.04.2019,20:00",20.38529,45.81647,Sa poginulim,SN SA PEŠACIMA,Pešak se kre?e duž kolovoza u smeru kretanja vozila
1250823,KIKINDA,KIKINDA,"21.04.2019,11:25",20.344186,45.62957,Sa poginulim,SN SA JEDNIM VOZILOM,Nezgoda sa jednim vozilom – silazak sa kolovoza u krivini
1250823,KIKINDA,KIKINDA,"21.04.2019,11:25",20.344186,45.62957,Sa poginulim,SN SA JEDNIM VOZILOM,Nezgoda sa jednim vozilom i prevrtanjem
1274781,KIKINDA,KIKINDA,"12.12.2019,00:10",20.42959,45.66802,Sa poginulim,SN SA JEDNIM VOZILOM,Nezgoda sa jednim vozilom – silazak sa kolovoza u krivini
1256222,KIKINDA,SENTA,"16.06.2019,07:08",20.072319,45.926988,Sa poginulim,SN SA JEDNIM VOZILOM,Nezgoda sa jednim vozilom – silazak udesno sa kolovoza na pravcu
1266813,KIKINDA,SENTA,"28.09.2019,23:45",19.832137,45.877997,Sa poginulim,SN SA JEDNIM VOZILOM,Nezgoda sa jednim vozilom – silazak ulevo sa kolovoza na pravcu
1271127,KIKINDA,SENTA,"06.11.2019,11:10",20.081721,45.918545,Sa poginulim,SN SA NAJMANjE DVA VOZILA – SKRETANjE ILI PRELAZAK,"Najmanje dva vozila koja se kre?u istim putem u istom smeru uz skretanje, sudar u sustizanju"
1273253,KIKINDA,SENTA,"28.11.2019,17:15",20.053617,45.930909,Sa poginulim,SN SA NAJMANjE DVA VOZILA – BEZ SKRETANjA,Najmanje dva vozila koja se kre?u u istom smeru – sustizanje
1270301,KIKINDA,?OKA,"26.10.2019,14:15",20.16549,45.885043,Sa poginulim,SN SA NAJMANjE DVA VOZILA – SKRETANjE ILI PRELAZAK,"Najmanje dva vozila koja se kre?u razli?itim putevima uz prolazak kroz raskrsnicu, ili od kojih jedno prelazi preko kolovoza, bez skretanja"
1270408,KIKINDA,?OKA,"28.10.2019,07:26",20.164963,45.870966,Sa poginulim,SN SA PARKIRANIM VOZILIMA,Sudar sa parkiranim vozilom sa desne strane kolovoza
1270408,KIKINDA,?OKA,"28.10.2019,07:26",20.164963,45.870966,Sa poginulim,SN SA PEŠACIMA,Pešak stoji na kolovozu
1253631,KRAGUJEVAC,BATO?INA,"18.05.2019,17:45",21.1133768,44.13371958,Sa poginulim,SN SA JEDNIM VOZILOM,Nezgoda sa jednim vozilom na kolovozu
1260651,KRAGUJEVAC,BATO?INA,"28.07.2019,13:40",21.098074,44.144539,Sa poginulim,SN SA NAJMANjE DVA VOZILA – BEZ SKRETANjA,Najmanje dva vozila – ?eoni sudar
1261907,KRAGUJEVAC,BATO?INA,"09.08.2019,15:30",21.097878,44.144454,Sa poginulim,SN SA NAJMANjE DVA VOZILA – BEZ SKRETANjA,Najmanje dva vozila – ?eoni sudar
1251400,KRAGUJEVAC,KNI?,"26.04.2019,15:00",20.775131,43.835613,Sa poginulim,SN SA NAJMANjE DVA VOZILA – SKRETANjE ILI PRELAZAK,Najmanje dva vozila uz skretanje – nepoznato
1257037,KRAGUJEVAC,KNI?,"23.06.2019,22:00",20.772302,43.921489,Sa poginulim,SN SA NAJMANjE DVA VOZILA – BEZ SKRETANjA,Najmanje dva vozila – ?eoni sudar
1244945,KRAGUJEVAC,KRAGUJEVAC,"16.02.2019,17:50",20.880901,43.996908,Sa poginulim,SN SA PEŠACIMA,"Prelazak pešaka sleva, van raskrsnice , bez skretanja vozila"
1257916,KRAGUJEVAC,KRAGUJEVAC,"01.07.2019,23:45",20.920328,44.022623,Sa poginulim,SN SA JEDNIM VOZILOM,Nezgoda sa jednim vozilom i prevrtanjem
1273846,KRAGUJEVAC,KRAGUJEVAC,"03.12.2019,07:45",20.98306473,44.06216515,Sa poginulim,SN SA NAJMANjE DVA VOZILA – SKRETANjE ILI PRELAZAK,Ostale nezgode sa najmanje dva vozila koja se kre?u istim putem u istom smeru uz skretanje
1275184,KRAGUJEVAC,KRAGUJEVAC,"16.12.2019,08:05",20.88608,44.008232,Sa poginulim,SN SA PEŠACIMA,"Prelazak pešaka sleva, sa skretanjem vozila ulevo, u raskrsnici"
1276074,KRAGUJEVAC,KRAGUJEVAC,"25.12.2019,08:15",20.889551,44.000628,Sa poginulim,SN SA PEŠACIMA,"Prelazak pešaka zdesna, van raskrsnice, bez skretanja vozila"
1256112,KRAGUJEVAC,RA?A,"14.06.2019,23:25",20.909685,44.158574,Sa poginulim,SN SA JEDNIM VOZILOM,Nezgoda sa jednim vozilom i prevrtanjem
1271509,KRAGUJEVAC,RA?A,"10.11.2019,10:30",20.88674419,44.20731988,Sa poginulim,SN SA JEDNIM VOZILOM,Nezgoda sa jednim vozilom – silazak ulevo sa kolovoza na pravcu
1274680,KRAGUJEVAC,RA?A,"10.12.2019,17:35",20.844759,44.268656,Sa poginulim,SN SA JEDNIM VOZILOM,Nezgoda sa jednim vozilom – silazak udesno sa kolovoza na pravcu
1247435,KRAGUJEVAC,TOPOLA,"17.03.2019,15:30",20.697312,44.236035,Sa poginulim,SN SA JEDNIM VOZILOM,Nezgoda sa jednim vozilom i prevrtanjem
1250208,KRAGUJEVAC,TOPOLA,"15.04.2019,00:30",20.606727,44.195518,Sa poginulim,SN SA JEDNIM VOZILOM,Nezgoda sa jednim vozilom – silazak udesno sa kolovoza na pravcu
1262109,KRAGUJEVAC,TOPOLA,"11.08.2019,21:00",20.69288,44.269686,Sa poginulim,SN SA NAJMANjE DVA VOZILA – SKRETANjE ILI PRELAZAK,"Najmanje dva vozila koja se kre?u istim putem u istom smeru uz skretanje, polukružno okretanje ispred drugog vozila"
1244769,KRALJEVO,KRALJEVO,"15.02.2019,06:20",20.612983,43.813785,Sa poginulim,SN SA NAJMANjE DVA VOZILA – BEZ SKRETANjA,Najmanje dva vozila – ?eoni sudar
1250083,KRALJEVO,KRALJEVO,"13.04.2019,07:25",20.666175,43.739947,Sa poginulim,SN SA NAJMANjE DVA VOZILA – BEZ SKRETANjA,Najmanje dva vozila koja se kre?u u istom smeru – preticanje
1253541,KRALJEVO,KRALJEVO,"17.05.2019,14:45",20.5830701,43.7450172,Sa poginulim,SN SA NAJMANjE DVA VOZILA – BEZ SKRETANjA,Najmanje dva vozila – ?eoni sudar
1253882,KRALJEVO,KRALJEVO,"23.05.2019,16:10",20.806588,43.764728,Sa poginulim,SN SA NAJMANjE DVA VOZILA – BEZ SKRETANjA,Ostale nezgode sa najmanje dva vozila – suprotni smerovi bez skretanja
1262660,KRALJEVO,KRALJEVO,"01.08.2019,10:00",20.695337,43.725689,Sa poginulim,SN SA PEŠACIMA,"Prelazak pešaka sleva, van raskrsnice , bez skretanja vozila"
1263811,KRALJEVO,KRALJEVO,"29.08.2019,23:10",20.718793,43.725824,Sa poginulim,SN SA NAJMANjE DVA VOZILA – BEZ SKRETANjA,Najmanje dva vozila koja se kre?u u istom smeru – sudar pri uporednoj vožnji
1266718,KRALJEVO,KRALJEVO,"26.09.2019,05:35",20.626977,43.787938,Sa poginulim,SN SA PEŠACIMA,"Prelazak pešaka sleva, van raskrsnice , bez skretanja vozila"
1268292,KRALJEVO,KRALJEVO,"12.10.2019,18:00",20.6081719,43.8435178,Sa poginulim,SN SA JEDNIM VOZILOM,Nezgoda sa jednim vozilom – silazak ulevo sa kolovoza na pravcu
1270194,KRALJEVO,KRALJEVO,"21.10.2019,08:40",20.688011,43.756564,Sa poginulim,SN SA NAJMANjE DVA VOZILA – SKRETANjE ILI PRELAZAK,"Najmanje dva vozila koja se kre?u razli?itim putevima uz prolazak kroz raskrsnicu, ili od kojih jedno prelazi preko kolovoza, bez skretanja"
1271273,KRALJEVO,KRALJEVO,"03.11.2019,21:04",20.724811,43.726964,Sa poginulim,SN SA NAJMANjE DVA VOZILA – SKRETANjE ILI PRELAZAK,Najmanje dva vozila koja se kre?u razli?itim putevima uz skretanje udesno – ?eoni sudar sa vozilom koje nailazi zdesna
1245076,KRALJEVO,RAŠKA,"19.02.2019,04:55",20.613544,43.298676,Sa poginulim,SN SA NAJMANjE DVA VOZILA – BEZ SKRETANjA,Ostale nezgode sa najmanje dva vozila – suprotni smerovi bez skretanja
1242683,KRALJEVO,VRNJA?KA BANJA,"23.01.2019,07:38",20.799067,43.684613,Sa poginulim,SN SA NAJMANjE DVA VOZILA – BEZ SKRETANjA,Ostale nezgode sa najmanje dva vozila – suprotni smerovi bez skretanja
1248009,KRALJEVO,VRNJA?KA BANJA,"22.03.2019,11:00",20.82188785,43.6392303,Sa poginulim,SN SA PEŠACIMA,Pešak – ostale situacije
1274384,KRALJEVO,VRNJA?KA BANJA,"08.12.2019,00:10",20.939036,43.634986,Sa poginulim,SN SA JEDNIM VOZILOM,Nezgoda sa jednim vozilom – silazak udesno sa kolovoza na pravcu
1241038,KRUŠEVAC,ALEKSANDROVAC,"04.01.2019,10:30",21.078108,43.417717,Sa poginulim,SN SA NAJMANjE DVA VOZILA – BEZ SKRETANjA,Najmanje dva vozila – ?eoni sudar
1247018,KRUŠEVAC,ALEKSANDROVAC,"11.03.2019,18:40",21.083274,43.45813,Sa poginulim,SN SA PEŠACIMA,"Prelazak pešaka preko kolovoza, van raskrsnice, bez skretanja vozila"
1265341,KRUŠEVAC,ALEKSANDROVAC,"13.09.2019,15:27",21.142785,43.462655,Sa poginulim,SN SA NAJMANjE DVA VOZILA – SKRETANjE ILI PRELAZAK,Ostale nezgode sa najmanje dva vozila koja se kre?u istim putem u suprotnim smerovima uz skretanje
1266655,KRUŠEVAC,ALEKSANDROVAC,"18.09.2019,11:55",21.16107,43.50008,Sa poginulim,SN SA NAJMANjE DVA VOZILA – SKRETANjE ILI PRELAZAK,"Najmanje dva vozila koja se kre?u istim putem u istom smeru uz skretanje, skretanje ulevo ispred drugog vozila"
1268892,KRUŠEVAC,BRUS,"18.10.2019,15:00",21.084498,43.302954,Sa poginulim,SN SA JEDNIM VOZILOM,Nezgoda sa jednim vozilom – silazak udesno sa kolovoza na pravcu
1241555,KRUŠEVAC,KRUŠEVAC,"10.01.2019,06:45",21.477314,43.564767,Sa poginulim,SN SA NAJMANjE DVA VOZILA – BEZ SKRETANjA,Najmanje dva vozila – ?eoni sudar
1247706,KRUŠEVAC,KRUŠEVAC,"20.03.2019,19:00",21.483416,43.508628,Sa poginulim,SN SA PARKIRANIM VOZILIMA,Sudar sa parkiranim vozilom sa leve strane kolovoza
1252755,KRUŠEVAC,KRUŠEVAC,"11.05.2019,14:50",21.359683,43.603606,Sa poginulim,SN SA JEDNIM VOZILOM,Nezgoda sa jednim vozilom i prevrtanjem
1257159,KRUŠEVAC,KRUŠEVAC,"25.06.2019,10:15",21.312792,43.597744,Sa poginulim,SN SA NAJMANjE DVA VOZILA – BEZ SKRETANjA,Najmanje dva vozila koja se kre?u u istom smeru – sustizanje
1259100,KRUŠEVAC,KRUŠEVAC,"12.07.2019,16:00",21.180893,43.619508,Sa poginulim,SN SA PEŠACIMA,"Prelazak pešaka sleva, u raskrsnici, bez skretanja vozila"
1259657,KRUŠEVAC,KRUŠEVAC,"18.07.2019,12:05",21.317845,43.609385,Sa poginulim,SN SA NAJMANjE DVA VOZILA – SKRETANjE ILI PRELAZAK,"Najmanje dva vozila koja se kre?u istim putem u istom smeru uz skretanje, skretanje udesno ispred drugog vozila"
1261041,KRUŠEVAC,KRUŠEVAC,"01.08.2019,03:12",21.355172,43.592125,Sa poginulim,SN SA PEŠACIMA,"Prelazak pešaka preko kolovoza, van raskrsnice, bez skretanja vozila"
1262727,KRUŠEVAC,KRUŠEVAC,"18.08.2019,07:25",21.326316,43.582609,Sa poginulim,SN SA PEŠACIMA,"Prelazak pešaka sleva, van raskrsnice , bez skretanja vozila"
1268498,KRUŠEVAC,KRUŠEVAC,"14.10.2019,19:30",21.253744,43.563049,Sa poginulim,SN SA PEŠACIMA,"Prelazak pešaka sleva, van raskrsnice , bez skretanja vozila"
1269030,KRUŠEVAC,KRUŠEVAC,"20.10.2019,01:20",21.53405,43.45699,Sa poginulim,SN SA JEDNIM VOZILOM,Nezgoda sa jednim vozilom – silazak udesno sa kolovoza na pravcu
1272120,KRUŠEVAC,KRUŠEVAC,"17.11.2019,08:00",21.490265,43.570908,Sa poginulim,SN SA JEDNIM VOZILOM,Nezgoda sa jednim vozilom i prevrtanjem
1272120,KRUŠEVAC,KRUŠEVAC,"17.11.2019,08:00",21.490265,43.570908,Sa poginulim,SN SA JEDNIM VOZILOM,Nezgoda sa jednim vozilom – silazak udesno sa kolovoza na pravcu
1275186,KRUŠEVAC,KRUŠEVAC,"16.12.2019,11:47",21.519451,43.52819,Sa poginulim,SN SA NAJMANjE DVA VOZILA – SKRETANjE ILI PRELAZAK,Najmanje dva vozila koja se kre?u istim putem u suprotnim smerovima uz skretanje ulevo ispred drugog vozila
1254950,KRUŠEVAC,TRSTENIK,"03.06.2019,00:35",21.04092,43.6041,Sa poginulim,SN SA PEŠACIMA,"Prelazak pešaka preko kolovoza, van raskrsnice, bez skretanja vozila"
1257685,KRUŠEVAC,TRSTENIK,"30.06.2019,06:00",21.093541,43.582733,Sa poginulim,SN SA JEDNIM VOZILOM,Nezgoda sa jednim vozilom – silazak ulevo sa kolovoza na pravcu
1258863,KRUŠEVAC,TRSTENIK,"10.07.2019,02:00",21.03562,43.606346,Sa poginulim,SN SA NAJMANjE DVA VOZILA – SKRETANjE ILI PRELAZAK,"Najmanje dva vozila koja se kre?u istim putem u istom smeru uz skretanje, skretanje ulevo ispred drugog vozila"
1262984,KRUŠEVAC,TRSTENIK,"21.08.2019,11:00",21.026904,43.609752,Sa poginulim,SN SA NAJMANjE DVA VOZILA – BEZ SKRETANjA,Najmanje dva vozila – ?eoni sudar
1276273,KRUŠEVAC,VARVARIN,"26.12.2019,17:20",21.358036,43.7405671,Sa poginulim,SN SA PEŠACIMA,"Prelazak pešaka preko kolovoza, van raskrsnice, bez skretanja vozila"
1241578,KRUŠEVAC,?I?EVAC,"06.01.2019,21:20",21.43853673,43.71173831,Sa poginulim,SN SA NAJMANjE DVA VOZILA – BEZ SKRETANjA,Ostale nezgode sa najmanje dva vozila – suprotni smerovi bez skretanja
1245830,KRUŠEVAC,?I?EVAC,"27.02.2019,18:30",21.429478,43.700499,Sa poginulim,SN SA PEŠACIMA,"Prelazak pešaka sleva, van raskrsnice , bez skretanja vozila"
1247094,KRUŠEVAC,?I?EVAC,"13.03.2019,03:25",21.459336,43.747389,Sa poginulim,SN SA PARKIRANIM VOZILIMA,Sudar sa parkiranim vozilom sa desne strane kolovoza
1247094,KRUŠEVAC,?I?EVAC,"13.03.2019,03:25",21.459336,43.747389,Sa poginulim,SN SA PEŠACIMA,Pešak – ostale situacije
1243198,LESKOVAC,LESKOVAC,"28.01.2019,17:10",21.86357364,42.96737713,Sa poginulim,SN SA NAJMANjE DVA VOZILA – BEZ SKRETANjA,Najmanje dva vozila koja se kre?u u istom smeru – sustizanje
1246170,LESKOVAC,LESKOVAC,"03.03.2019,08:30",21.80466284,43.10339709,Sa poginulim,SN SA JEDNIM VOZILOM,Nezgoda sa jednim vozilom i prevrtanjem
1254005,LESKOVAC,LESKOVAC,"25.05.2019,05:50",21.938202,43.054498,Sa poginulim,SN SA PEŠACIMA,Pešak se kre?e duž kolovoza ili stoji na kolovozu
1255811,LESKOVAC,LESKOVAC,"11.06.2019,18:50",22.13438283,42.84180462,Sa poginulim,SN SA JEDNIM VOZILOM,Nezgoda sa jednim vozilom i prevrtanjem
1256846,LESKOVAC,LESKOVAC,"22.06.2019,09:25",21.942829,42.996554,Sa poginulim,SN SA PEŠACIMA,"Prelazak pešaka preko kolovoza, van raskrsnice, bez skretanja vozila"
1257226,LESKOVAC,LESKOVAC,"25.06.2019,14:00",22.026727,42.924065,Sa poginulim,SN SA NAJMANjE DVA VOZILA – SKRETANjE ILI PRELAZAK,Najmanje dva vozila koja se kre?u istim putem u suprotnim smerovima uz skretanje ulevo ispred drugog vozila
1271244,LESKOVAC,LESKOVAC,"07.11.2019,14:30",22.00237915,43.0100828,Sa poginulim,SN SA NAJMANjE DVA VOZILA – SKRETANjE ILI PRELAZAK,"Najmanje dva vozila koja se kre?u istim putem u istom smeru uz skretanje, skretanje ulevo ispred drugog vozila"
1272928,LESKOVAC,LESKOVAC,"25.11.2019,11:35",21.926658,42.966876,Sa poginulim,SN SA JEDNIM VOZILOM,Nezgoda sa jednim vozilom – silazak sa kolovoza u krivini
1272965,LESKOVAC,LESKOVAC,"25.11.2019,16:20",21.91333125,43.12261851,Sa poginulim,SN SA NAJMANjE DVA VOZILA – BEZ SKRETANjA,Najmanje dva vozila koja se kre?u u istom smeru – sustizanje
1264361,LESKOVAC,MEDVE?A,"14.08.2019,17:55",21.495223,42.848312,Sa poginulim,SN SA JEDNIM VOZILOM,Nezgoda sa jednim vozilom – silazak udesno sa kolovoza na pravcu
1262312,LESKOVAC,VLASOTINCE,"14.08.2019,05:40",22.14440469,42.96261488,Sa poginulim,SN SA NAJMANjE DVA VOZILA – BEZ SKRETANjA,Najmanje dva vozila koja se kre?u u istom smeru – sustizanje
1257204,NIŠ,ALEKSINAC,"25.06.2019,13:15",21.67485958,43.51462921,Sa poginulim,SN SA NAJMANjE DVA VOZILA – SKRETANjE ILI PRELAZAK,Ostale nezgode sa najmanje dva vozila koja se kre?u istim putem u suprotnim smerovima uz skretanje
1258017,NIŠ,ALEKSINAC,"02.07.2019,16:55",21.70013,43.518811,Sa poginulim,SN SA JEDNIM VOZILOM,Nezgoda sa jednim vozilom – silazak udesno sa kolovoza na pravcu
1259568,NIŠ,ALEKSINAC,"17.07.2019,08:35",21.733731,43.51978,Sa poginulim,SN SA PARKIRANIM VOZILIMA,Sudar sa parkiranim vozilom sa desne strane kolovoza
1262695,NIŠ,ALEKSINAC,"17.08.2019,23:25",21.708012,43.529791,Sa poginulim,SN SA PEŠACIMA,Pešak – ostale situacije
1263521,NIŠ,ALEKSINAC,"25.08.2019,20:00",21.782009,43.467324,Sa poginulim,SN SA NAJMANjE DVA VOZILA – BEZ SKRETANjA,Najmanje dva vozila koja se kre?u u istom smeru – sustizanje
1264677,NIŠ,ALEKSINAC,"06.09.2019,20:35",21.703098,43.500835,Sa poginulim,SN SA NAJMANjE DVA VOZILA – SKRETANjE ILI PRELAZAK,Najmanje dva vozila koja se kre?u istim putem u suprotnim smerovima uz skretanje ulevo ispred drugog vozila
1243489,NIŠ,DOLJEVAC,"31.01.2019,08:20",21.843978,43.200593,Sa poginulim,SN SA NAJMANjE DVA VOZILA – BEZ SKRETANjA,Najmanje dva vozila koja se kre?u u istom smeru – sustizanje
1260340,NIŠ,DOLJEVAC,"24.07.2019,15:25",21.84664,43.208046,Sa poginulim,SN SA NAJMANjE DVA VOZILA – SKRETANjE ILI PRELAZAK,Ostale nezgode sa najmanje dva vozila koja se kre?u istim putem u suprotnim smerovima uz skretanje
1267725,NIŠ,DOLJEVAC,"14.09.2019,12:25",21.851892,43.168476,Sa poginulim,SN SA NAJMANjE DVA VOZILA – SKRETANjE ILI PRELAZAK,Najmanje dva vozila koja se kre?u istim putem u suprotnim smerovima uz skretanje ulevo ispred drugog vozila
1274408,NIŠ,DOLJEVAC,"07.12.2019,05:00",21.866925,43.26087,Sa poginulim,SN SA NAJMANjE DVA VOZILA – BEZ SKRETANjA,Ostale nezgode sa najmanje dva vozila – suprotni smerovi bez skretanja
1256989,NIŠ,GADŽIN HAN,"15.06.2019,09:00",22.17204,43.088038,Sa poginulim,SN SA JEDNIM VOZILOM,Nezgoda sa jednim vozilom – silazak sa kolovoza u krivini
1272908,NIŠ,GADŽIN HAN,"17.11.2019,00:30",22.04197,43.181933,Sa poginulim,SN SA JEDNIM VOZILOM,Nezgoda sa jednim vozilom – silazak sa kolovoza u krivini
1242898,NIŠ,MEROŠINA,"22.01.2019,08:30",21.686771,43.277281,Sa poginulim,SN SA NAJMANjE DVA VOZILA – BEZ SKRETANjA,Najmanje dva vozila – ?eoni sudar
1259256,NIŠ,NIŠ,"04.07.2019,17:30",21.986394,43.285289,Sa poginulim,SN SA JEDNIM VOZILOM,Nezgoda sa jednim vozilom i prevrtanjem
1258527,NIŠ,NIŠ,"06.07.2019,20:30",21.80068569,43.31097092,Sa poginulim,SN SA JEDNIM VOZILOM,Nezgoda sa jednim vozilom – silazak udesno sa kolovoza na pravcu
1259171,NIŠ,NIŠ,"13.07.2019,07:20",21.893509,43.311381,Sa poginulim,SN SA JEDNIM VOZILOM,Nezgoda sa jednim vozilom i prevrtanjem
1261949,NIŠ,NIŠ,"10.08.2019,05:00",21.890794,43.321141,Sa poginulim,SN SA PEŠACIMA,"Prelazak pešaka sleva, van raskrsnice , bez skretanja vozila"
1267918,NIŠ,NIŠ,"08.10.2019,02:55",21.928363,43.311408,Sa poginulim,SN SA JEDNIM VOZILOM,Nezgoda sa jednim vozilom – silazak ulevo sa kolovoza na pravcu
1273363,NIŠ,NIŠ,"29.11.2019,10:35",21.77408,43.47768,Sa poginulim,SN SA PARKIRANIM VOZILIMA,Sudar sa parkiranim vozilom sa desne strane kolovoza
1277320,NIŠ,NIŠ,"25.12.2019,16:50",21.875862,43.315667,Sa poginulim,SN SA PEŠACIMA,"Prelazak pešaka zdesna, van raskrsnice, bez skretanja vozila"
1260001,NIŠ,NIŠKA BANJA,"20.07.2019,00:50",21.958557,43.306582,Sa poginulim,SN SA JEDNIM VOZILOM,Nezgoda sa jednim vozilom – silazak udesno sa kolovoza na pravcu
1261767,NIŠ,NIŠKA BANJA,"08.08.2019,03:40",22.001114,43.297886,Sa poginulim,SN SA PARKIRANIM VOZILIMA,Sudar sa parkiranim vozilom sa desne strane kolovoza
1269303,NIŠ,NIŠKA BANJA,"21.10.2019,13:30",21.996246,43.300305,Sa poginulim,SN SA JEDNIM VOZILOM,Nezgoda sa jednim vozilom – silazak ulevo sa kolovoza na pravcu
1256525,NIŠ,RAŽANJ,"19.06.2019,03:00",21.49001,43.74002,Sa poginulim,SN SA PARKIRANIM VOZILIMA,Sudar sa parkiranim vozilom sa desne strane kolovoza
1256525,NIŠ,RAŽANJ,"19.06.2019,03:00",21.49001,43.74002,Sa poginulim,SN SA NAJMANjE DVA VOZILA – SKRETANjE ILI PRELAZAK,Najmanje dva vozila uz skretanje – nepoznato
1256525,NIŠ,RAŽANJ,"19.06.2019,03:00",21.49001,43.74002,Sa poginulim,SN SA PEŠACIMA,Pešak – ostale situacije
1262945,NIŠ,RAŽANJ,"20.08.2019,19:15",21.599762,43.803951,Sa poginulim,SN SA JEDNIM VOZILOM,Nezgoda sa jednim vozilom i prevrtanjem
1248378,NIŠ,SVRLJIG,"27.03.2019,17:10",22.124149,43.411799,Sa poginulim,SN SA PARKIRANIM VOZILIMA,Sudar sa parkiranim vozilom sa desne strane kolovoza
1257774,NIŠ,SVRLJIG,"24.06.2019,21:20",22.009678,43.447769,Sa poginulim,SN SA JEDNIM VOZILOM,Nezgoda sa jednim vozilom i prevrtanjem
1272195,NIŠ,SVRLJIG,"17.11.2019,03:00",22.304313,43.436768,Sa poginulim,SN SA JEDNIM VOZILOM,Nezgoda sa jednim vozilom – silazak ulevo sa kolovoza na pravcu
1245087,NOVI PAZAR,NOVI PAZAR,"18.02.2019,02:30",20.460633,43.033261,Sa poginulim,SN SA JEDNIM VOZILOM,Nezgoda sa jednim vozilom – silazak ulevo sa kolovoza na pravcu
1251340,NOVI PAZAR,NOVI PAZAR,"10.04.2019,12:40",20.512234,43.13999,Sa poginulim,SN SA PEŠACIMA,"Prelazak pešaka sleva, van raskrsnice , bez skretanja vozila"
1259709,NOVI PAZAR,NOVI PAZAR,"07.07.2019,07:30",20.506306,43.126288,Sa poginulim,SN SA PEŠACIMA,"Prelazak pešaka sleva, u raskrsnici, bez skretanja vozila"
1263385,NOVI PAZAR,NOVI PAZAR,"24.08.2019,07:00",20.49972,43.128033,Sa poginulim,SN SA PEŠACIMA,"Prelazak pešaka zdesna, van raskrsnice, bez skretanja vozila"
1269816,NOVI PAZAR,SJENICA,"27.10.2019,17:30",20.02464155,43.26944859,Sa poginulim,SN SA PEŠACIMA,Pešak se kre?e duž kolovoza ili stoji na kolovozu
1247235,NOVI SAD,BA?KA PALANKA,"14.03.2019,20:20",19.57377,45.45817,Sa poginulim,SN SA JEDNIM VOZILOM,Nezgoda sa jednim vozilom – silazak udesno sa kolovoza na pravcu
1258229,NOVI SAD,BA?KA PALANKA,"04.07.2019,14:15",19.330396,45.354091,Sa poginulim,SN SA JEDNIM VOZILOM,"Nezgoda sa jednim vozilom bez prepreka na kolovozu na nepoznat, nespecificiran na?in"
1267847,NOVI SAD,BA?KA PALANKA,"08.10.2019,11:30",19.494584,45.320691,Sa poginulim,SN SA JEDNIM VOZILOM,Nezgoda sa jednim vozilom – silazak ulevo sa kolovoza na pravcu
1268832,NOVI SAD,BA?KA PALANKA,"17.10.2019,21:50",19.512881,45.440874,Sa poginulim,SN SA JEDNIM VOZILOM,Nezgoda sa jednim vozilom i prevrtanjem
1270760,NOVI SAD,BA?KI PETROVAC,"04.11.2019,02:45",19.556622,45.275345,Sa poginulim,SN SA JEDNIM VOZILOM,Nezgoda sa jednim vozilom – silazak sa kolovoza u krivini
1250042,NOVI SAD,BEO?IN,"12.04.2019,21:20",19.586581,45.158764,Sa poginulim,SN SA JEDNIM VOZILOM,Nezgoda sa jednim vozilom – silazak udesno sa kolovoza na pravcu
1263698,NOVI SAD,BEO?IN,"28.08.2019,19:45",19.780989,45.209755,Sa poginulim,SN SA JEDNIM VOZILOM,Nezgoda sa jednim vozilom – silazak udesno sa kolovoza na pravcu
1263938,NOVI SAD,BEO?IN,"30.08.2019,20:10",19.768427,45.210084,Sa poginulim,SN SA PEŠACIMA,"Prelazak pešaka zdesna , u raskrsnici, bez skretanja vozila"
1251541,NOVI SAD,BE?EJ,"27.04.2019,18:20",19.96746213,45.7288641,Sa poginulim,SN SA JEDNIM VOZILOM,Nezgoda sa jednim vozilom – silazak ulevo sa kolovoza na pravcu
1241086,NOVI SAD,NOVI SAD,"04.01.2019,12:00",20.028707,45.27813,Sa poginulim,SN SA NAJMANjE DVA VOZILA – SKRETANjE ILI PRELAZAK,Najmanje dva vozila koja se kre?u istim putem u suprotnim smerovima uz skretanje ulevo ispred drugog vozila
1241629,NOVI SAD,NOVI SAD,"11.01.2019,05:20",19.74552,45.382994,Sa poginulim,SN SA JEDNIM VOZILOM,Nezgoda sa jednim vozilom – silazak udesno sa kolovoza na pravcu
1245145,NOVI SAD,NOVI SAD,"19.02.2019,19:40",19.699322,45.238338,Sa poginulim,SN SA NAJMANjE DVA VOZILA – BEZ SKRETANjA,Najmanje dva vozila – ?eoni sudar
1248397,NOVI SAD,NOVI SAD,"27.03.2019,19:12",19.953532,45.324448,Sa poginulim,SN SA NAJMANjE DVA VOZILA – BEZ SKRETANjA,Najmanje dva vozila koja se kre?u u istom smeru – sustizanje
1248632,NOVI SAD,NOVI SAD,"29.03.2019,17:50",19.900969,45.222428,Sa poginulim,SN SA PEŠACIMA,"Prelazak pešaka zdesna , u raskrsnici, bez skretanja vozila"
1250787,NOVI SAD,NOVI SAD,"21.04.2019,08:00",19.843874,45.264632,Sa poginulim,SN SA PEŠACIMA,"Prelazak pešaka zdesna, sa skretanjem vozila ulevo, u raskrsnici"
1256072,NOVI SAD,NOVI SAD,"14.06.2019,18:45",19.761779,45.285896,Sa poginulim,SN SA NAJMANjE DVA VOZILA – BEZ SKRETANjA,Najmanje dva vozila – ?eoni sudar
1257067,NOVI SAD,NOVI SAD,"24.06.2019,13:20",19.92420696,45.30462138,Sa poginulim,SN SA PEŠACIMA,"Prelazak pešaka zdesna, van raskrsnice, bez skretanja vozila"
1257416,NOVI SAD,NOVI SAD,"27.06.2019,08:25",19.74326178,45.30682439,Sa poginulim,SN SA NAJMANjE DVA VOZILA – SKRETANjE ILI PRELAZAK,Najmanje dva vozila koja se kre?u istim putem u suprotnim smerovima uz skretanje ulevo ispred drugog vozila
1257510,NOVI SAD,NOVI SAD,"28.06.2019,08:15",19.882414,45.242339,Sa poginulim,SN SA PEŠACIMA,"Prelazak pešaka zdesna, sa skretanjem vozila udesno, u raskrsnici"
1260024,NOVI SAD,NOVI SAD,"22.07.2019,10:15",19.855862,45.223075,Sa poginulim,SN SA PEŠACIMA,"Prelazak pešaka sleva, sa skretanjem vozila udesno, u raskrsnici"
1260162,NOVI SAD,NOVI SAD,"23.07.2019,12:25",19.933148,45.319578,Sa poginulim,SN SA NAJMANjE DVA VOZILA – BEZ SKRETANjA,Najmanje dva vozila – ?eoni sudar
1262767,NOVI SAD,NOVI SAD,"18.08.2019,20:10",19.821954,45.240548,Sa poginulim,SN SA PEŠACIMA,"Prelazak pešaka zdesna, van raskrsnice, bez skretanja vozila"
1262870,NOVI SAD,NOVI SAD,"20.08.2019,06:20",19.711988,45.236867,Sa poginulim,SN SA NAJMANjE DVA VOZILA – SKRETANjE ILI PRELAZAK,"Najmanje dva vozila koja se kre?u razli?itim putevima uz prolazak kroz raskrsnicu, ili od kojih jedno prelazi preko kolovoza, bez skretanja"
1263067,NOVI SAD,NOVI SAD,"22.08.2019,15:20",19.741867,45.297203,Sa poginulim,SN SA NAJMANjE DVA VOZILA – BEZ SKRETANjA,Ostale nezgode sa najmanje dva vozila – suprotni smerovi bez skretanja
1267503,NOVI SAD,NOVI SAD,"04.10.2019,14:30",20.068972,45.208508,Sa poginulim,SN SA PEŠACIMA,Pešak se kre?e duž kolovoza ili stoji na kolovozu
1268980,NOVI SAD,NOVI SAD,"19.10.2019,16:03",19.841659,45.27192,Sa poginulim,SN SA NAJMANjE DVA VOZILA – SKRETANjE ILI PRELAZAK,Najmanje dva vozila koja se kre?u razli?itim putevima uz skretanje udesno ispred vozila koje nailazi sleva
1272642,NOVI SAD,NOVI SAD,"22.11.2019,03:25",19.800365,45.312553,Sa poginulim,SN SA NAJMANjE DVA VOZILA – BEZ SKRETANjA,Ostali sudari sa najmanje dva vozila koja se kre?u u istom smeru – ostalo
1275940,NOVI SAD,NOVI SAD,"24.12.2019,01:30",19.815911,45.417858,Sa poginulim,SN SA PARKIRANIM VOZILIMA,Sudar sa parkiranim vozilom sa leve strane kolovoza
1276243,NOVI SAD,NOVI SAD,"26.12.2019,20:30",19.824657,45.388987,Sa poginulim,SN SA NAJMANjE DVA VOZILA – SKRETANjE ILI PRELAZAK,Ostale nezgode sa najmanje dva vozila koja se kre?u istim putem u suprotnim smerovima uz skretanje
1276859,NOVI SAD,NOVI SAD,"31.12.2019,15:15",19.856812,45.347449,Sa poginulim,SN SA PEŠACIMA,Pešak – ostale situacije
1255163,NOVI SAD,SRBOBRAN,"30.06.2019,17:55",19.921366,45.503497,Sa poginulim,SN SA NAJMANjE DVA VOZILA – BEZ SKRETANjA,Najmanje dva vozila koja se kre?u u istom smeru – preticanje
1268951,NOVI SAD,SRBOBRAN,"19.10.2019,05:15",19.84279,45.574957,Sa poginulim,SN SA NAJMANjE DVA VOZILA – BEZ SKRETANjA,Najmanje dva vozila koja se kre?u u istom smeru – sustizanje
1267697,NOVI SAD,SREMSKI KARLOVCI,"06.10.2019,07:00",19.951921,45.175704,Sa poginulim,SN SA JEDNIM VOZILOM,Nezgoda sa jednim vozilom – silazak ulevo sa kolovoza na pravcu
1250564,NOVI SAD,TEMERIN,"18.04.2019,22:35",19.87792,45.38322,Sa poginulim,SN SA JEDNIM VOZILOM,Nezgoda sa jednim vozilom na kolovozu
1273709,NOVI SAD,TEMERIN,"14.11.2019,17:15",19.809453,45.456743,Sa poginulim,SN SA NAJMANjE DVA VOZILA – SKRETANjE ILI PRELAZAK,Najmanje dva vozila koja se kre?u istim putem u suprotnim smerovima uz skretanje ulevo ispred drugog vozila
1254343,NOVI SAD,VRBAS,"28.05.2019,06:45",19.6529419,45.56455774,Sa poginulim,SN SA NAJMANjE DVA VOZILA – SKRETANjE ILI PRELAZAK,"Najmanje dva vozila koja se kre?u razli?itim putevima uz prolazak kroz raskrsnicu, ili od kojih jedno prelazi preko kolovoza, bez skretanja"
1262445,NOVI SAD,VRBAS,"15.08.2019,11:45",19.55810571,45.51163602,Sa poginulim,SN SA JEDNIM VOZILOM,Nezgoda sa jednim vozilom – silazak sa kolovoza u krivini
1265054,NOVI SAD,VRBAS,"10.09.2019,19:55",19.6303279,45.57212528,Sa poginulim,SN SA PEŠACIMA,"Prelazak pešaka sleva, u raskrsnici, bez skretanja vozila"
1269246,NOVI SAD,VRBAS,"22.10.2019,05:26",19.60915619,45.53685371,Sa poginulim,SN SA NAJMANjE DVA VOZILA – BEZ SKRETANjA,Najmanje dva vozila koja se kre?u u istom smeru – sustizanje
1274855,NOVI SAD,VRBAS,"12.12.2019,15:38",19.659821,45.57019,Sa poginulim,SN SA NAJMANjE DVA VOZILA – SKRETANjE ILI PRELAZAK,Najmanje dva vozila koja se kre?u razli?itim putevima uz skretanje ulevo i uz nailazak vozila sleva
1269180,NOVI SAD,ŽABALJ,"21.10.2019,15:20",20.07464345,45.44862217,Sa poginulim,SN SA NAJMANjE DVA VOZILA – BEZ SKRETANjA,Najmanje dva vozila – ?eoni sudar
1264086,PAN?EVO,ALIBUNAR,"30.08.2019,03:50",20.87225854,45.03504371,Sa poginulim,SN SA JEDNIM VOZILOM,Nezgoda sa jednim vozilom – silazak sa kolovoza u krivini
1260087,PAN?EVO,KOVA?ICA,"22.07.2019,19:45",20.72599645,45.1132988,Sa poginulim,SN SA NAJMANjE DVA VOZILA – BEZ SKRETANjA,Ostale nezgode sa u?eš?em najmanje dva vozila bez skretanja (bez podataka o smeru)
1246821,PAN?EVO,KOVIN,"09.03.2019,07:00",21.123047,44.810662,Sa poginulim,SN SA JEDNIM VOZILOM,Nezgoda sa jednim vozilom i prevrtanjem
1257860,PAN?EVO,KOVIN,"01.07.2019,06:50",20.932701,44.779164,Sa poginulim,SN SA NAJMANjE DVA VOZILA – SKRETANjE ILI PRELAZAK,Najmanje dva vozila koja se kre?u istim putem u suprotnim smerovima uz skretanje ulevo ispred drugog vozila
1262676,PAN?EVO,KOVIN,"17.08.2019,20:40",21.041069,44.830638,Sa poginulim,SN SA NAJMANjE DVA VOZILA – SKRETANjE ILI PRELAZAK,Najmanje dva vozila koja se kre?u razli?itim putevima uz skretanje ulevo i uz nailazak vozila zdesna
1265982,PAN?EVO,KOVIN,"20.09.2019,20:00",20.91946392,44.7582578,Sa poginulim,SN SA NAJMANjE DVA VOZILA – BEZ SKRETANjA,Najmanje dva vozila koja se kre?u u istom smeru – sustizanje
1245662,PAN?EVO,PAN?EVO,"26.02.2019,05:40",20.769306,44.977828,Sa poginulim,SN SA NAJMANjE DVA VOZILA – BEZ SKRETANjA,Najmanje dva vozila koja se kre?u u istom smeru – sustizanje
1250052,PAN?EVO,PAN?EVO,"13.04.2019,01:25",20.73424,44.75876,Sa poginulim,SN SA PEŠACIMA,Pešak se kre?e duž kolovoza
1250052,PAN?EVO,PAN?EVO,"13.04.2019,01:25",20.73424,44.75876,Sa poginulim,SN SA PARKIRANIM VOZILIMA,Sudar sa parkiranim vozilom sa desne strane kolovoza
1255463,PAN?EVO,PAN?EVO,"07.06.2019,08:30",20.678973,44.83092,Sa poginulim,SN SA NAJMANjE DVA VOZILA – BEZ SKRETANjA,Najmanje dva vozila koja se kre?u u istom smeru – sustizanje
1256508,PAN?EVO,PAN?EVO,"18.06.2019,22:00",20.737522,44.86414,Sa poginulim,SN SA PEŠACIMA,"Prelazak pešaka zdesna, van raskrsnice, bez skretanja vozila"
1258214,PAN?EVO,PAN?EVO,"04.07.2019,06:50",20.72305518,44.93461795,Sa poginulim,SN SA NAJMANjE DVA VOZILA – SKRETANjE ILI PRELAZAK,Najmanje dva vozila koja se kre?u razli?itim putevima uz skretanje ulevo i uz nailazak vozila sleva
1261244,PAN?EVO,PAN?EVO,"03.08.2019,02:15",20.631076,44.897768,Sa poginulim,SN SA JEDNIM VOZILOM,Nezgoda sa jednim vozilom – silazak ulevo sa kolovoza na pravcu
1264023,PAN?EVO,PAN?EVO,"31.08.2019,15:10",20.630061,44.935054,Sa poginulim,SN SA NAJMANjE DVA VOZILA – BEZ SKRETANjA,Ostale nezgode sa najmanje dva vozila – suprotni smerovi bez skretanja
1248222,PAN?EVO,PLANDIŠTE,"24.03.2019,22:55",21.16919639,45.22437627,Sa poginulim,SN SA JEDNIM VOZILOM,Nezgoda sa jednim vozilom – silazak ulevo sa kolovoza na pravcu
1268393,PAN?EVO,PLANDIŠTE,"13.10.2019,18:00",21.0865748,45.18864229,Sa poginulim,SN SA JEDNIM VOZILOM,Nezgoda sa jednim vozilom – silazak ulevo sa kolovoza na pravcu
1240750,PAN?EVO,VRŠAC,"01.01.2019,03:40",21.12079,45.04797,Sa poginulim,SN SA PEŠACIMA,Pešak – ostale situacije
1247273,PAN?EVO,VRŠAC,"15.03.2019,11:40",21.2916,45.11673,Sa poginulim,SN SA PARKIRANIM VOZILIMA,Sudar sa parkiranim vozilom sa leve strane kolovoza
1275996,PAN?EVO,VRŠAC,"24.12.2019,18:20",21.20421,45.07233,Sa poginulim,SN SA PEŠACIMA,"Prelazak pešaka preko kolovoza, u ili van raskrsnice, bez skretanja vozila"
1251293,PIROT,BELA PALANKA,"25.04.2019,22:20",22.30360414,43.23645347,Sa poginulim,SN SA PEŠACIMA,Pešak se kre?e duž kolovoza ili stoji na kolovozu
1255572,PIROT,BELA PALANKA,"08.06.2019,15:34",22.14952508,43.33243331,Sa poginulim,SN SA NAJMANjE DVA VOZILA – BEZ SKRETANjA,Najmanje dva vozila – ?eoni sudar
1260931,PIROT,BELA PALANKA,"30.07.2019,21:00",22.26898417,43.25345139,Sa poginulim,SN SA JEDNIM VOZILOM,Nezgoda sa jednim vozilom i prevrtanjem
1246325,PIROT,PIROT,"04.03.2019,17:30",22.57011045,43.16113581,Sa poginulim,SN SA PEŠACIMA,Pešak se kre?e duž kolovoza suprotno od smera kretanja vozila
1248052,PIROT,PIROT,"24.03.2019,00:30",22.5077351,43.15105414,Sa poginulim,SN SA NAJMANjE DVA VOZILA – BEZ SKRETANjA,Najmanje dva vozila koja se kre?u u istom smeru – sustizanje
1249557,PIROT,PIROT,"07.04.2019,11:43",22.640385,43.098716,Sa poginulim,SN SA JEDNIM VOZILOM,Nezgode sa u?eš?em šinskog i drumskog vozila
1251403,PIROT,PIROT,"26.04.2019,16:20",22.73649204,43.20584729,Sa poginulim,SN SA JEDNIM VOZILOM,Nezgoda sa jednim vozilom i prevrtanjem
1256704,POŽAREVAC,GOLUBAC,"20.06.2019,15:40",21.589944,44.681092,Sa poginulim,SN SA NAJMANjE DVA VOZILA – SKRETANjE ILI PRELAZAK,Najmanje dva vozila koja se kre?u istim putem u suprotnim smerovima uz skretanje ulevo ispred drugog vozila
1259013,POŽAREVAC,GOLUBAC,"11.07.2019,07:20",21.58131,44.68687,Sa poginulim,SN SA NAJMANjE DVA VOZILA – BEZ SKRETANjA,Ostale nezgode sa najmanje dva vozila – suprotni smerovi bez skretanja
1247894,POŽAREVAC,MALO CRNI?E,"22.03.2019,19:47",21.26452203,44.58742381,Sa poginulim,SN SA PEŠACIMA,"Prelazak pešaka preko kolovoza, van raskrsnice, bez skretanja vozila"
1259876,POŽAREVAC,MALO CRNI?E,"20.07.2019,21:45",21.283334,44.579895,Sa poginulim,SN SA NAJMANjE DVA VOZILA – BEZ SKRETANjA,Najmanje dva vozila koja se kre?u u istom smeru – sustizanje
1240800,POŽAREVAC,PETROVAC NA MLAVI,"02.01.2019,01:10",21.28365959,44.30065163,Sa poginulim,SN SA JEDNIM VOZILOM,Nezgoda sa jednim vozilom – silazak udesno sa kolovoza na pravcu
1242908,POŽAREVAC,PETROVAC NA MLAVI,"25.01.2019,11:30",21.43119736,44.23953658,Sa poginulim,SN SA JEDNIM VOZILOM,Nezgoda sa jednim vozilom – silazak sa kolovoza u krivini
1270204,POŽAREVAC,PETROVAC NA MLAVI,"30.10.2019,07:30",21.43703886,44.36006025,Sa poginulim,SN SA NAJMANjE DVA VOZILA – BEZ SKRETANjA,Ostale nezgode sa najmanje dva vozila – suprotni smerovi bez skretanja
1249300,POŽAREVAC,POŽAREVAC,"04.04.2019,14:25",21.20673464,44.52464882,Sa poginulim,SN SA NAJMANjE DVA VOZILA – BEZ SKRETANjA,Ostali sudari sa najmanje dva vozila koja se kre?u u istom smeru – ostalo
1270625,POŽAREVAC,POŽAREVAC,"02.11.2019,17:00",21.31278308,44.65187986,Sa poginulim,SN SA NAJMANjE DVA VOZILA – BEZ SKRETANjA,Najmanje dva vozila koja se kre?u u istom smeru – preticanje
1270753,POŽAREVAC,POŽAREVAC,"04.11.2019,02:00",21.14995138,44.59960618,Sa poginulim,SN SA JEDNIM VOZILOM,Nezgoda sa jednim vozilom – silazak sa kolovoza u krivini
1266494,POŽAREVAC,VELIKO GRADIŠTE,"25.09.2019,23:30",21.516202,44.750861,Sa poginulim,SN SA NAJMANjE DVA VOZILA – SKRETANjE ILI PRELAZAK,Najmanje dva vozila koja se kre?u istim putem u suprotnim smerovima uz skretanje ulevo ispred drugog vozila
1270972,POŽAREVAC,VELIKO GRADIŠTE,"05.11.2019,09:15",21.358841,44.692489,Sa poginulim,SN SA JEDNIM VOZILOM,Nezgoda sa jednim vozilom na kolovozu
1269699,POŽAREVAC,ŽABARI,"24.10.2019,19:00",21.218924,44.332339,Sa poginulim,SN SA NAJMANjE DVA VOZILA – BEZ SKRETANjA,Najmanje dva vozila koja se kre?u u istom smeru – sustizanje
1244410,POŽAREVAC,ŽAGUBICA,"10.02.2019,17:50",21.760183,44.215432,Sa poginulim,SN SA NAJMANjE DVA VOZILA – BEZ SKRETANjA,Najmanje dva vozila koja se kre?u u istom smeru – sustizanje
1259422,PRIJEPOLJE,NOVA VAROŠ,"16.07.2019,11:45",19.774433,43.460708,Sa poginulim,SN SA NAJMANjE DVA VOZILA – BEZ SKRETANjA,Najmanje dva vozila – ?eoni sudar
1274942,PRIJEPOLJE,PRIBOJ,"13.12.2019,06:40",19.50865685,43.58843144,Sa poginulim,SN SA PEŠACIMA,Pešak se kre?e duž kolovoza u smeru kretanja vozila
1273026,PRIJEPOLJE,PRIJEPOLJE,"26.11.2019,12:40",19.63460164,43.40970509,Sa poginulim,SN SA NAJMANjE DVA VOZILA – SKRETANjE ILI PRELAZAK,Najmanje dva vozila koja se kre?u istim putem u suprotnim smerovima uz skretanje ulevo ispred drugog vozila
1252054,PROKUPLJE,KURŠUMLIJA,"30.04.2019,06:45",21.349895,43.178856,Sa poginulim,SN SA NAJMANjE DVA VOZILA – BEZ SKRETANjA,Najmanje dva vozila – ?eoni sudar
1243115,PROKUPLJE,PROKUPLJE,"27.01.2019,18:00",21.59201,43.23501,Sa poginulim,SN SA PEŠACIMA,Pešak – ostale situacije
1252208,SMEDEREVO,SMEDEREVO,"04.05.2019,20:13",21.061817,44.525479,Sa poginulim,SN SA NAJMANjE DVA VOZILA – BEZ SKRETANjA,Najmanje dva vozila koja se kre?u u istom smeru – sustizanje
1258884,SMEDEREVO,SMEDEREVO,"10.07.2019,08:50",21.01111105,44.52049088,Sa poginulim,SN SA PARKIRANIM VOZILIMA,Sudar sa parkiranim vozilom sa desne strane kolovoza
1259909,SMEDEREVO,SMEDEREVO,"21.07.2019,10:25",20.86486439,44.58554943,Sa poginulim,SN SA JEDNIM VOZILOM,Nezgoda sa jednim vozilom – silazak udesno sa kolovoza na pravcu
1260242,SMEDEREVO,SMEDEREVO,"24.07.2019,11:03",21.011348,44.59112,Sa poginulim,SN SA NAJMANjE DVA VOZILA – SKRETANjE ILI PRELAZAK,"Najmanje dva vozila koja se kre?u istim putem u istom smeru uz skretanje, skretanje ulevo ispred drugog vozila"
1261291,SMEDEREVO,SMEDEREVO,"03.08.2019,10:10",20.98046329,44.56903139,Sa poginulim,SN SA NAJMANjE DVA VOZILA – BEZ SKRETANjA,Najmanje dva vozila koja se kre?u u istom smeru – sustizanje
1266982,SMEDEREVO,SMEDEREVO,"30.09.2019,11:40",20.837418,44.583499,Sa poginulim,SN SA JEDNIM VOZILOM,Nezgoda sa jednim vozilom – silazak sa kolovoza u krivini
1268416,SMEDEREVO,SMEDEREVO,"13.10.2019,20:35",20.964444,44.528851,Sa poginulim,SN SA PEŠACIMA,Pešak se kre?e duž kolovoza u smeru kretanja vozila
1270654,SMEDEREVO,SMEDEREVO,"03.11.2019,04:00",20.86075466,44.61154077,Sa poginulim,SN SA JEDNIM VOZILOM,Nezgoda sa jednim vozilom – silazak sa kolovoza u krivini
1241172,SMEDEREVO,SMEDEREVSKA PALANKA,"05.01.2019,13:00",20.95282723,44.38404136,Sa poginulim,SN SA PARKIRANIM VOZILIMA,Ostali sudari sa parkiranim vozilom
1257779,SMEDEREVO,SMEDEREVSKA PALANKA,"30.06.2019,21:00",20.91214009,44.36917921,Sa poginulim,SN SA NAJMANjE DVA VOZILA – BEZ SKRETANjA,Ostale nezgode sa u?eš?em najmanje dva vozila bez skretanja (bez podataka o smeru)
1264428,SMEDEREVO,SMEDEREVSKA PALANKA,"04.09.2019,07:20",20.77540158,44.3861225,Sa poginulim,SN SA JEDNIM VOZILOM,Nezgoda sa jednim vozilom – silazak sa kolovoza u krivini
1272879,SMEDEREVO,SMEDEREVSKA PALANKA,"24.11.2019,17:18",20.87043599,44.31004825,Sa poginulim,SN SA PEŠACIMA,Pešak se kre?e duž kolovoza u smeru kretanja vozila
1250412,SMEDEREVO,VELIKA PLANA,"16.04.2019,20:10",21.08755888,44.47298066,Sa poginulim,SN SA NAJMANjE DVA VOZILA – BEZ SKRETANjA,Najmanje dva vozila koja se kre?u u istom smeru – sustizanje
1255967,SMEDEREVO,VELIKA PLANA,"13.06.2019,19:30",21.07817517,44.46813894,Sa poginulim,SN SA NAJMANjE DVA VOZILA – BEZ SKRETANjA,Najmanje dva vozila koja se kre?u u istom smeru – uklju?ivanje u saobra?aj
1259569,SMEDEREVO,VELIKA PLANA,"17.07.2019,14:55",21.10902,44.26685,Sa poginulim,SN SA PARKIRANIM VOZILIMA,Sudar sa parkiranim vozilom sa desne strane kolovoza
1259569,SMEDEREVO,VELIKA PLANA,"17.07.2019,14:55",21.10902,44.26685,Sa poginulim,SN SA NAJMANjE DVA VOZILA – BEZ SKRETANjA,Najmanje dva vozila koja se kre?u u istom smeru – preticanje
1274738,SMEDEREVO,VELIKA PLANA,"11.12.2019,07:55",21.06293819,44.39594255,Sa poginulim,SN SA JEDNIM VOZILOM,Nezgoda sa jednim vozilom – silazak udesno sa kolovoza na pravcu
1264118,SOMBOR,APATIN,"01.09.2019,09:50",19.0105,45.666662,Sa poginulim,SN SA NAJMANjE DVA VOZILA – BEZ SKRETANjA,Najmanje dva vozila – ?eoni sudar
1276015,SOMBOR,APATIN,"24.12.2019,18:45",18.982761,45.666541,Sa poginulim,SN SA NAJMANjE DVA VOZILA – SKRETANjE ILI PRELAZAK,"Najmanje dva vozila koja se kre?u razli?itim putevima uz prolazak kroz raskrsnicu, ili od kojih jedno prelazi preko kolovoza, bez skretanja"
1265116,SOMBOR,KULA,"11.09.2019,19:40",19.378529,45.713673,Sa poginulim,SN SA NAJMANjE DVA VOZILA – SKRETANjE ILI PRELAZAK,"Najmanje dva vozila koja se kre?u razli?itim putevima uz prolazak kroz raskrsnicu, ili od kojih jedno prelazi preko kolovoza, bez skretanja"
1269342,SOMBOR,KULA,"23.10.2019,06:20",19.455288,45.579821,Sa poginulim,SN SA NAJMANjE DVA VOZILA – BEZ SKRETANjA,Najmanje dva vozila koja se kre?u u istom smeru – sustizanje
1253735,SOMBOR,ODŽACI,"13.05.2019,11:55",19.129262,45.532063,Sa poginulim,SN SA NAJMANjE DVA VOZILA – BEZ SKRETANjA,Najmanje dva vozila koja se kre?u u istom smeru – sustizanje
1260854,SOMBOR,ODŽACI,"20.07.2019,15:25",19.36797607,45.44273443,Sa poginulim,SN SA JEDNIM VOZILOM,Nezgoda sa jednim vozilom – silazak sa kolovoza u krivini
1263738,SOMBOR,ODŽACI,"24.08.2019,18:50",19.19017404,45.50660505,Sa poginulim,SN SA JEDNIM VOZILOM,Nezgoda sa jednim vozilom na kolovozu
1275923,SOMBOR,ODŽACI,"21.12.2019,23:20",19.299365,45.536807,Sa poginulim,SN SA JEDNIM VOZILOM,Nezgoda sa jednim vozilom – silazak sa kolovoza u krivini
1244361,SOMBOR,SOMBOR,"10.02.2019,03:30",19.176471,45.682016,Sa poginulim,SN SA PEŠACIMA,Pešak – ostale situacije
1244989,SOMBOR,SOMBOR,"17.02.2019,18:40",19.279175,45.771279,Sa poginulim,SN SA PEŠACIMA,"Prelazak pešaka sleva, u raskrsnici, bez skretanja vozila"
1253676,SOMBOR,SOMBOR,"21.05.2019,18:35",19.17742,45.768391,Sa poginulim,SN SA NAJMANjE DVA VOZILA – BEZ SKRETANjA,Najmanje dva vozila koja se kre?u u istom smeru – preticanje
1268418,SOMBOR,SOMBOR,"13.10.2019,19:50",19.07192,45.790889,Sa poginulim,SN SA NAJMANjE DVA VOZILA – BEZ SKRETANjA,Najmanje dva vozila koja se kre?u u istom smeru – sustizanje
1269410,SOMBOR,SOMBOR,"23.10.2019,18:50",19.149389,45.768367,Sa poginulim,SN SA PARKIRANIM VOZILIMA,Sudar sa parkiranim vozilom sa leve strane kolovoza
1269410,SOMBOR,SOMBOR,"23.10.2019,18:50",19.149389,45.768367,Sa poginulim,SN SA PEŠACIMA,"Prelazak pešaka sleva, van raskrsnice , bez skretanja vozila"
1245549,SREMSKA MITROVICA,IN?IJA,"24.02.2019,21:10",20.124181,45.075978,Sa poginulim,SN SA JEDNIM VOZILOM,Nezgoda sa jednim vozilom – silazak sa kolovoza u krivini
1250182,SREMSKA MITROVICA,IN?IJA,"14.04.2019,12:30",20.15632,45.06643,Sa poginulim,SN SA NAJMANjE DVA VOZILA – BEZ SKRETANjA,Najmanje dva vozila koja se kre?u u istom smeru – sustizanje
1259751,SREMSKA MITROVICA,IN?IJA,"19.07.2019,14:00",20.10808,45.10563,Sa poginulim,SN SA NAJMANjE DVA VOZILA – BEZ SKRETANjA,Najmanje dva vozila koja se kre?u u istom smeru – sustizanje
1263121,SREMSKA MITROVICA,IN?IJA,"23.08.2019,02:40",20.08054687,45.16455104,Sa poginulim,SN SA NAJMANjE DVA VOZILA – BEZ SKRETANjA,Najmanje dva vozila koja se kre?u u istom smeru – sustizanje
1265452,SREMSKA MITROVICA,IN?IJA,"15.09.2019,07:30",20.087944,45.041142,Sa poginulim,SN SA NAJMANjE DVA VOZILA – BEZ SKRETANjA,Ostale nezgode sa najmanje dva vozila – suprotni smerovi bez skretanja
1270835,SREMSKA MITROVICA,IN?IJA,"04.11.2019,11:53",20.154413,45.067657,Sa poginulim,SN SA NAJMANjE DVA VOZILA – SKRETANjE ILI PRELAZAK,"Najmanje dva vozila koja se kre?u istim putem u istom smeru uz skretanje, polukružno okretanje ispred drugog vozila"
1275822,SREMSKA MITROVICA,IN?IJA,"23.12.2019,13:05",20.087493,45.041619,Sa poginulim,SN SA PEŠACIMA,"Prelazak pešaka preko kolovoza, van raskrsnice, bez skretanja vozila"
1270593,SREMSKA MITROVICA,IRIG,"02.11.2019,15:15",19.857449,45.087499,Sa poginulim,SN SA NAJMANjE DVA VOZILA – SKRETANjE ILI PRELAZAK,Najmanje dva vozila koja se kre?u razli?itim putevima uz skretanje ulevo i uz nailazak vozila sleva
1256559,SREMSKA MITROVICA,PE?INCI,"19.06.2019,14:30",20.0906,44.889988,Sa poginulim,SN SA JEDNIM VOZILOM,Nezgoda sa jednim vozilom – silazak udesno sa kolovoza na pravcu
1264097,SREMSKA MITROVICA,PE?INCI,"31.08.2019,22:35",20.050303,44.70701,Sa poginulim,SN SA NAJMANjE DVA VOZILA – SKRETANjE ILI PRELAZAK,"Najmanje dva vozila koja se kre?u razli?itim putevima uz prolazak kroz raskrsnicu, ili od kojih jedno prelazi preko kolovoza, bez skretanja"
1266252,SREMSKA MITROVICA,PE?INCI,"23.09.2019,17:25",20.083006,44.875413,Sa poginulim,SN SA NAJMANjE DVA VOZILA – BEZ SKRETANjA,Najmanje dva vozila koja se kre?u u istom smeru – sustizanje
1242883,SREMSKA MITROVICA,RUMA,"23.01.2019,05:00",19.850065,45.008317,Sa poginulim,SN SA PEŠACIMA,Pešak se kre?e duž kolovoza suprotno od smera kretanja vozila
1243877,SREMSKA MITROVICA,RUMA,"03.02.2019,20:05",19.972094,44.972394,Sa poginulim,SN SA PEŠACIMA,Pešak se kre?e duž kolovoza ili stoji na kolovozu
1250366,SREMSKA MITROVICA,RUMA,"16.04.2019,15:10",19.815913,45.004643,Sa poginulim,SN SA NAJMANjE DVA VOZILA – BEZ SKRETANjA,Ostale nezgode sa najmanje dva vozila – suprotni smerovi bez skretanja
1250498,SREMSKA MITROVICA,RUMA,"17.04.2019,20:10",19.723735,44.78144,Sa poginulim,SN SA NAJMANjE DVA VOZILA – BEZ SKRETANjA,Najmanje dva vozila koja se kre?u u istom smeru – sustizanje
1251089,SREMSKA MITROVICA,RUMA,"24.04.2019,02:00",19.968624,44.981739,Sa poginulim,SN SA JEDNIM VOZILOM,Nezgoda sa jednim vozilom – silazak sa kolovoza u krivini
1254018,SREMSKA MITROVICA,RUMA,"25.05.2019,11:55",19.80738707,44.96598981,Sa poginulim,SN SA NAJMANjE DVA VOZILA – SKRETANjE ILI PRELAZAK,Najmanje dva vozila koja se kre?u razli?itim putevima uz skretanje ulevo i uz nailazak vozila sleva
1266165,SREMSKA MITROVICA,RUMA,"22.09.2019,19:15",19.822584,45.008971,Sa poginulim,SN SA PEŠACIMA,"Prelazak pešaka zdesna, van raskrsnice, bez skretanja vozila"
1274988,SREMSKA MITROVICA,RUMA,"14.12.2019,06:30",19.804656,44.960558,Sa poginulim,SN SA NAJMANjE DVA VOZILA – BEZ SKRETANjA,Najmanje dva vozila – ?eoni sudar
1254161,SREMSKA MITROVICA,SREMSKA MITROVICA,"26.05.2019,14:50",19.5716,44.936601,Sa poginulim,SN SA NAJMANjE DVA VOZILA – BEZ SKRETANjA,Ostale nezgode sa najmanje dva vozila – suprotni smerovi bez skretanja
1255583,SREMSKA MITROVICA,SREMSKA MITROVICA,"08.06.2019,20:40",19.623886,44.963018,Sa poginulim,SN SA NAJMANjE DVA VOZILA – SKRETANjE ILI PRELAZAK,"Najmanje dva vozila koja se kre?u razli?itim putevima uz prolazak kroz raskrsnicu, ili od kojih jedno prelazi preko kolovoza, bez skretanja"
1258267,SREMSKA MITROVICA,SREMSKA MITROVICA,"04.07.2019,22:00",19.784602,44.934158,Sa poginulim,SN SA PARKIRANIM VOZILIMA,Ostali sudari sa parkiranim vozilom
1261710,SREMSKA MITROVICA,SREMSKA MITROVICA,"07.08.2019,11:45",19.597797,44.97379,Sa poginulim,SN SA PEŠACIMA,"Prelazak pešaka zdesna , u raskrsnici, bez skretanja vozila"
1262937,SREMSKA MITROVICA,SREMSKA MITROVICA,"20.08.2019,18:00",19.580427,45.138304,Sa poginulim,SN SA JEDNIM VOZILOM,Nezgoda sa jednim vozilom – silazak sa kolovoza u krivini
1265241,SREMSKA MITROVICA,SREMSKA MITROVICA,"12.09.2019,21:00",19.414774,45.04336,Sa poginulim,SN SA JEDNIM VOZILOM,Nezgode sa u?eš?em jednog vozila na mestu na kome se izvode radovi na putu
1267293,SREMSKA MITROVICA,SREMSKA MITROVICA,"02.10.2019,20:30",19.623432,44.962958,Sa poginulim,SN SA NAJMANjE DVA VOZILA – BEZ SKRETANjA,Najmanje dva vozila koja se kre?u u istom smeru – sustizanje
1269143,SREMSKA MITROVICA,SREMSKA MITROVICA,"21.10.2019,06:25",19.638771,44.980171,Sa poginulim,SN SA PEŠACIMA,"Prelazak pešaka sleva, van raskrsnice , bez skretanja vozila"
1242612,SREMSKA MITROVICA,STARA PAZOVA,"06.01.2019,22:20",20.156143,44.99265784,Sa poginulim,SN SA NAJMANjE DVA VOZILA – BEZ SKRETANjA,Najmanje dva vozila – ?eoni sudar
1251854,SREMSKA MITROVICA,STARA PAZOVA,"27.04.2019,21:50",20.19599835,44.95958468,Sa poginulim,SN SA JEDNIM VOZILOM,Nezgoda sa jednim vozilom – silazak ulevo sa kolovoza na pravcu
1251857,SREMSKA MITROVICA,STARA PAZOVA,"28.04.2019,01:30",20.15740862,44.95480642,Sa poginulim,SN SA NAJMANjE DVA VOZILA – BEZ SKRETANjA,Najmanje dva vozila koja se kre?u u istom smeru – sustizanje
1263531,SREMSKA MITROVICA,STARA PAZOVA,"21.08.2019,06:20",20.21014544,44.95044949,Sa poginulim,SN SA NAJMANjE DVA VOZILA – SKRETANjE ILI PRELAZAK,Najmanje dva vozila uz skretanje – nepoznato
1266368,SREMSKA MITROVICA,STARA PAZOVA,"23.09.2019,18:25",20.31988359,45.01048468,Sa poginulim,SN SA NAJMANjE DVA VOZILA – SKRETANjE ILI PRELAZAK,Najmanje dva vozila koja se kre?u istim putem u suprotnim smerovima uz skretanje ulevo ispred drugog vozila
1268814,SREMSKA MITROVICA,STARA PAZOVA,"16.10.2019,10:25",20.21881753,44.94453681,Sa poginulim,SN SA PEŠACIMA,"Prelazak pešaka sleva, u raskrsnici, bez skretanja vozila"
1247139,SREMSKA MITROVICA,ŠID,"01.03.2019,15:55",19.3479767,45.06998473,Sa poginulim,SN SA JEDNIM VOZILOM,Nezgoda sa jednim vozilom – silazak udesno sa kolovoza na pravcu
1272906,SUBOTICA,BA?KA TOPOLA,"25.11.2019,05:10",19.63571,45.78916,Sa poginulim,SN SA NAJMANjE DVA VOZILA – BEZ SKRETANjA,Najmanje dva vozila koja se kre?u u istom smeru – sustizanje
1273388,SUBOTICA,BA?KA TOPOLA,"29.11.2019,22:00",19.623484,45.835422,Sa poginulim,SN SA JEDNIM VOZILOM,Nezgoda sa jednim vozilom – silazak ulevo sa kolovoza na pravcu
1247432,SUBOTICA,MALI I?OŠ,"17.03.2019,15:00",19.66165,45.703198,Sa poginulim,SN SA JEDNIM VOZILOM,Nezgoda sa jednim vozilom – silazak udesno sa kolovoza na pravcu
1255627,SUBOTICA,MALI I?OŠ,"09.06.2019,10:50",19.717137,45.706774,Sa poginulim,SN SA JEDNIM VOZILOM,Nezgoda sa jednim vozilom – silazak udesno sa kolovoza na pravcu
1259622,SUBOTICA,MALI I?OŠ,"18.07.2019,04:40",19.72861,45.67547,Sa poginulim,SN SA JEDNIM VOZILOM,Nezgoda sa jednim vozilom – silazak udesno sa kolovoza na pravcu
1261271,SUBOTICA,MALI I?OŠ,"02.08.2019,08:25",19.726064,45.689663,Sa poginulim,SN SA JEDNIM VOZILOM,Nezgoda sa jednim vozilom – silazak udesno sa kolovoza na pravcu
1244870,SUBOTICA,SUBOTICA,"16.02.2019,06:40",19.720074,46.070131,Sa poginulim,SN SA JEDNIM VOZILOM,Nezgoda sa jednim vozilom – silazak sa kolovoza u krivini
1255611,SUBOTICA,SUBOTICA,"09.06.2019,04:30",19.413645,45.962312,Sa poginulim,SN SA JEDNIM VOZILOM,Nezgoda sa jednim vozilom – silazak ulevo sa kolovoza na pravcu
1263885,SUBOTICA,SUBOTICA,"30.08.2019,01:15",19.643919,45.984874,Sa poginulim,SN SA PEŠACIMA,Pešak se kre?e duž kolovoza u smeru kretanja vozila
1264217,SUBOTICA,SUBOTICA,"02.09.2019,06:10",19.700198,45.87784,Sa poginulim,SN SA NAJMANjE DVA VOZILA – BEZ SKRETANjA,Najmanje dva vozila koja se kre?u u istom smeru – sustizanje
1267221,SUBOTICA,SUBOTICA,"02.10.2019,14:10",19.65606753,46.1087158,Sa poginulim,SN SA JEDNIM VOZILOM,"Nezgoda sa jednim vozilom bez prepreka na kolovozu na nepoznat, nespecificiran na?in"
1275413,SUBOTICA,SUBOTICA,"19.12.2019,06:50",19.536534,46.020144,Sa poginulim,SN SA NAJMANjE DVA VOZILA – BEZ SKRETANjA,Najmanje dva vozila – ?eoni sudar
1261671,UŽICE,ARILJE,"06.08.2019,21:30",20.112226,43.727681,Sa poginulim,SN SA NAJMANjE DVA VOZILA – BEZ SKRETANjA,Najmanje dva vozila koja se kre?u u istom smeru – sustizanje
1256342,UŽICE,BAJINA BAŠTA,"14.06.2019,12:25",19.607175,44.011057,Sa poginulim,SN SA JEDNIM VOZILOM,Nezgoda sa jednim vozilom – silazak ulevo sa kolovoza na pravcu
1256918,UŽICE,BAJINA BAŠTA,"22.06.2019,21:00",19.473023,43.956057,Sa poginulim,SN SA PEŠACIMA,Pešak se kre?e duž kolovoza u smeru kretanja vozila
1267182,UŽICE,BAJINA BAŠTA,"01.10.2019,21:00",19.611071,44.0807012,Sa poginulim,SN SA JEDNIM VOZILOM,Nezgoda sa jednim vozilom – silazak udesno sa kolovoza na pravcu
1274449,UŽICE,BAJINA BAŠTA,"08.12.2019,13:30",19.672576,44.100956,Sa poginulim,SN SA JEDNIM VOZILOM,Nezgoda sa jednim vozilom – silazak ulevo sa kolovoza na pravcu
1255392,UŽICE,KOSJERI?,"06.06.2019,14:50",19.83998509,43.98847497,Sa poginulim,SN SA JEDNIM VOZILOM,Nezgoda sa jednim vozilom i prevrtanjem
1241186,UŽICE,POŽEGA,"01.01.2019,19:30",20.085706,43.819241,Sa poginulim,SN SA NAJMANjE DVA VOZILA – BEZ SKRETANjA,Najmanje dva vozila – ?eoni sudar
1259731,UŽICE,POŽEGA,"19.07.2019,15:50",20.018086,43.86124,Sa poginulim,SN SA NAJMANjE DVA VOZILA – BEZ SKRETANjA,Najmanje dva vozila – ?eoni sudar
1261032,UŽICE,POŽEGA,"31.07.2019,22:45",19.999796,43.900571,Sa poginulim,SN SA NAJMANjE DVA VOZILA – BEZ SKRETANjA,Najmanje dva vozila koja se kre?u u istom smeru – sustizanje
1273369,UŽICE,POŽEGA,"29.11.2019,14:30",20.066436,43.847637,Sa poginulim,SN SA JEDNIM VOZILOM,Nezgoda sa jednim vozilom – silazak sa kolovoza u krivini
1247485,UŽICE,UŽICE,"18.03.2019,09:00",19.8958151,43.84303484,Sa poginulim,SN SA JEDNIM VOZILOM,Nezgode sa u?eš?em jednog vozila i preprekama na ili iznad kolovoza
1254118,UŽICE,UŽICE,"26.05.2019,04:15",19.87406,43.857486,Sa poginulim,SN SA NAJMANjE DVA VOZILA – SKRETANjE ILI PRELAZAK,Najmanje dva vozila koja se kre?u istim putem u suprotnim smerovima uz skretanje ulevo ispred drugog vozila
1267696,UŽICE,UŽICE,"06.10.2019,10:30",19.80847373,43.8608606,Sa poginulim,SN SA NAJMANjE DVA VOZILA – BEZ SKRETANjA,Najmanje dva vozila koja se kre?u u istom smeru – preticanje
1240968,UŽICE,?AJETINA,"03.01.2019,17:45",19.766205,43.713952,Sa poginulim,SN SA JEDNIM VOZILOM,Nezgoda sa jednim vozilom i prevrtanjem
1259976,UŽICE,?AJETINA,"21.07.2019,06:40",19.82832936,43.72155511,Sa poginulim,SN SA JEDNIM VOZILOM,Nezgoda sa jednim vozilom – silazak udesno sa kolovoza na pravcu
1262768,UŽICE,?AJETINA,"18.08.2019,16:00",19.844517,43.679976,Sa poginulim,SN SA JEDNIM VOZILOM,Nezgoda sa jednim vozilom i prevrtanjem
1264758,UŽICE,?AJETINA,"07.09.2019,19:15",19.681021,43.785305,Sa poginulim,SN SA JEDNIM VOZILOM,Nezgoda sa jednim vozilom – silazak sa kolovoza u krivini
1274262,UŽICE,?AJETINA,"30.11.2019,00:00",19.75106636,43.78228874,Sa poginulim,SN SA JEDNIM VOZILOM,Nezgoda sa jednim vozilom – silazak sa kolovoza u krivini
1260219,VALJEVO,LAJKOVAC,"24.07.2019,06:35",20.08714,44.342065,Sa poginulim,SN SA PEŠACIMA,"Prelazak pešaka sleva, van raskrsnice , bez skretanja vozila"
1261187,VALJEVO,LAJKOVAC,"02.08.2019,13:40",20.1437,44.364553,Sa poginulim,SN SA NAJMANjE DVA VOZILA – SKRETANjE ILI PRELAZAK,"Najmanje dva vozila koja se kre?u razli?itim putevima uz prolazak kroz raskrsnicu, ili od kojih jedno prelazi preko kolovoza, bez skretanja"
1264898,VALJEVO,LAJKOVAC,"09.09.2019,05:50",20.20939,44.369028,Sa poginulim,SN SA NAJMANjE DVA VOZILA – BEZ SKRETANjA,Ostale nezgode sa najmanje dva vozila – suprotni smerovi bez skretanja
1244913,VALJEVO,LJIG,"16.02.2019,19:30",20.275222,44.198595,Sa poginulim,SN SA NAJMANjE DVA VOZILA – BEZ SKRETANjA,Najmanje dva vozila – ?eoni sudar
1249654,VALJEVO,LJIG,"08.04.2019,09:45",20.191321,44.152582,Sa poginulim,SN SA JEDNIM VOZILOM,Nezgoda sa jednim vozilom – silazak sa kolovoza u krivini
1263612,VALJEVO,LJIG,"28.08.2019,02:00",20.28155,44.242422,Sa poginulim,SN SA JEDNIM VOZILOM,Nezgoda sa jednim vozilom – silazak udesno sa kolovoza na pravcu
1268673,VALJEVO,LJIG,"16.10.2019,13:10",20.333906,44.23089,Sa poginulim,SN SA JEDNIM VOZILOM,Nezgoda sa jednim vozilom i prevrtanjem
1254144,VALJEVO,OSE?INA,"26.05.2019,13:30",19.52026,44.35176,Sa poginulim,SN SA JEDNIM VOZILOM,Nezgoda sa jednim vozilom i prevrtanjem
1263949,VALJEVO,OSE?INA,"30.08.2019,22:55",19.51547961,44.43869203,Sa poginulim,SN SA NAJMANjE DVA VOZILA – BEZ SKRETANjA,Najmanje dva vozila – ?eoni sudar
1247261,VALJEVO,UB,"14.03.2019,17:45",20.182816,44.455543,Sa poginulim,SN SA JEDNIM VOZILOM,Nezgoda sa jednim vozilom i prevrtanjem
1252045,VALJEVO,UB,"02.05.2019,20:10",20.058223,44.451722,Sa poginulim,SN SA NAJMANjE DVA VOZILA – SKRETANjE ILI PRELAZAK,Najmanje dva vozila koja se kre?u istim putem u suprotnim smerovima uz skretanje ulevo ispred drugog vozila
1264876,VALJEVO,UB,"08.09.2019,18:15",20.030182,44.52101,Sa poginulim,SN SA JEDNIM VOZILOM,Nezgoda sa jednim vozilom i prevrtanjem
1249543,VALJEVO,VALJEVO,"07.04.2019,02:06",19.82191,44.328265,Sa poginulim,SN SA PEŠACIMA,Pešak zaustavljen na trotoaru ili biciklisti?koj stazi
1252286,VALJEVO,VALJEVO,"05.05.2019,20:15",20.030248,44.301206,Sa poginulim,SN SA PEŠACIMA,"Prelazak pešaka sleva, van raskrsnice , bez skretanja vozila"
1253192,VALJEVO,VALJEVO,"16.05.2019,13:25",19.925,44.2751,Sa poginulim,SN SA NAJMANjE DVA VOZILA – SKRETANjE ILI PRELAZAK,"Najmanje dva vozila koja se kre?u istim putem u istom smeru uz skretanje, skretanje ulevo ispred drugog vozila"
1262943,VALJEVO,VALJEVO,"17.08.2019,02:20",19.883028,44.303369,Sa poginulim,SN SA PEŠACIMA,Pešak se kre?e duž kolovoza u smeru kretanja vozila
1264635,VALJEVO,VALJEVO,"06.09.2019,11:40",20.005446,44.297034,Sa poginulim,SN SA NAJMANjE DVA VOZILA – SKRETANjE ILI PRELAZAK,Najmanje dva vozila koja se kre?u istim putem u suprotnim smerovima uz skretanje ulevo ispred drugog vozila
1266219,VALJEVO,VALJEVO,"23.09.2019,08:45",19.915547,44.277278,Sa poginulim,SN SA PEŠACIMA,"Prelazak pešaka sleva, van raskrsnice , bez skretanja vozila"
1271081,VALJEVO,VALJEVO,"06.11.2019,00:35",19.88289,44.27892,Sa poginulim,SN SA PARKIRANIM VOZILIMA,Sudar sa parkiranim vozilom sa desne strane kolovoza
1257984,VRANJE,BOSILEGRAD,"01.07.2019,21:20",22.37896209,42.4658183,Sa poginulim,SN SA JEDNIM VOZILOM,Nezgoda sa jednim vozilom i prevrtanjem
1258682,VRANJE,PREŠEVO,"03.07.2019,01:15",21.679766,42.340212,Sa poginulim,SN SA JEDNIM VOZILOM,Nezgoda sa jednim vozilom – silazak udesno sa kolovoza na pravcu
1258145,VRANJE,SURDULICA,"03.07.2019,21:30",22.192925,42.702656,Sa poginulim,SN SA JEDNIM VOZILOM,Nezgoda sa jednim vozilom – silazak udesno sa kolovoza na pravcu
1271524,VRANJE,SURDULICA,"10.11.2019,13:00",22.363622,42.679519,Sa poginulim,SN SA JEDNIM VOZILOM,Nezgoda sa jednim vozilom – silazak sa kolovoza u krivini
1264996,VRANJE,VLADI?IN HAN,"10.09.2019,10:10",21.99555147,42.58153211,Sa poginulim,SN SA NAJMANjE DVA VOZILA – BEZ SKRETANjA,Najmanje dva vozila – ?eoni sudar
1266071,VRANJE,VLADI?IN HAN,"21.09.2019,17:15",22.09261656,42.77529914,Sa poginulim,SN SA PEŠACIMA,Pešak se kre?e duž kolovoza u smeru kretanja vozila
1267672,VRANJE,VLADI?IN HAN,"06.10.2019,03:30",22.04608648,42.66748962,Sa poginulim,SN SA JEDNIM VOZILOM,Nezgoda sa jednim vozilom i prevrtanjem
1257735,VRANJE,VRANJE,"30.06.2019,15:45",21.909972,42.523093,Sa poginulim,SN SA JEDNIM VOZILOM,Nezgoda sa jednim vozilom – silazak ulevo sa kolovoza na pravcu
1265147,VRANJE,VRANJE,"10.09.2019,13:00",21.870804,42.717454,Sa poginulim,SN SA JEDNIM VOZILOM,Nezgoda sa jednim vozilom i prevrtanjem
1266075,VRANJE,VRANJE,"21.09.2019,15:10",21.9674,42.5671,Sa poginulim,SN SA PARKIRANIM VOZILIMA,Ostali sudari sa parkiranim vozilom
1271344,VRANJE,VRANJE,"08.11.2019,12:25",22.024569,42.588114,Sa poginulim,SN SA JEDNIM VOZILOM,Nezgoda sa jednim vozilom – silazak udesno sa kolovoza na pravcu
1243507,ZAJE?AR,BOLJEVAC,"31.01.2019,10:35",21.95217058,43.85430602,Sa poginulim,SN SA NAJMANjE DVA VOZILA – BEZ SKRETANjA,Najmanje dva vozila – ?eoni sudar
1245993,ZAJE?AR,ZAJE?AR,"01.03.2019,07:30",22.347933,44.100129,Sa poginulim,SN SA NAJMANjE DVA VOZILA – SKRETANjE ILI PRELAZAK,Najmanje dva vozila koja se kre?u istim putem u suprotnim smerovima uz skretanje ulevo ispred drugog vozila
1264710,ZAJE?AR,ZAJE?AR,"07.09.2019,08:50",22.28787563,43.94997643,Sa poginulim,SN SA NAJMANjE DVA VOZILA – BEZ SKRETANjA,Najmanje dva vozila – ?eoni sudar
1240709,ZRENJANIN,ZRENJANIN,"01.01.2019,01:15",20.307326,45.511006,Sa poginulim,SN SA PEŠACIMA,Pešak – ostale situacije
1242328,ZRENJANIN,ZRENJANIN,"19.01.2019,06:45",20.333747,45.483887,Sa poginulim,SN SA NAJMANjE DVA VOZILA – BEZ SKRETANjA,Najmanje dva vozila – ?eoni sudar
1250722,ZRENJANIN,ZRENJANIN,"20.04.2019,15:10",20.222857,45.441342,Sa poginulim,SN SA JEDNIM VOZILOM,Nezgoda sa jednim vozilom – silazak sa kolovoza u krivini
1255839,ZRENJANIN,ZRENJANIN,"12.06.2019,04:45",20.32026,45.20878,Sa poginulim,SN SA JEDNIM VOZILOM,Nezgoda sa jednim vozilom i prevrtanjem
1258422,ZRENJANIN,ZRENJANIN,"05.07.2019,20:05",20.45938,45.29438,Sa poginulim,SN SA JEDNIM VOZILOM,Nezgoda sa jednim vozilom – silazak ulevo sa kolovoza na pravcu
1261262,ZRENJANIN,ZRENJANIN,"03.08.2019,05:15",20.509911,45.448559,Sa poginulim,SN SA JEDNIM VOZILOM,Nezgoda sa jednim vozilom – silazak ulevo sa kolovoza na pravcu
1260617,ZRENJANIN,ŽITIŠTE,"28.07.2019,02:45",20.6427514,45.54241804,Sa poginulim,SN SA NAJMANjE DVA VOZILA – BEZ SKRETANjA,Najmanje dva vozila koja se kre?u u istom smeru – sustizanje
1256617,?A?AK,GORNJI MILANOVAC,"16.06.2019,15:30",20.229837,44.030405,Sa poginulim,SN SA NAJMANjE DVA VOZILA – BEZ SKRETANjA,Najmanje dva vozila – ?eoni sudar
1258129,?A?AK,GORNJI MILANOVAC,"03.07.2019,16:30",20.204278,44.099411,Sa poginulim,SN SA JEDNIM VOZILOM,Nezgoda sa jednim vozilom – silazak ulevo sa kolovoza na pravcu
1262065,?A?AK,GORNJI MILANOVAC,"11.08.2019,04:20",20.191221,43.923488,Sa poginulim,SN SA NAJMANjE DVA VOZILA – SKRETANjE ILI PRELAZAK,Najmanje dva vozila koja se kre?u istim putem u suprotnim smerovima uz skretanje ulevo ispred drugog vozila
1266319,?A?AK,GORNJI MILANOVAC,"23.09.2019,14:00",20.462737,44.010346,Sa poginulim,SN SA NAJMANjE DVA VOZILA – SKRETANjE ILI PRELAZAK,Najmanje dva vozila koja se kre?u razli?itim putevima uz skretanje ulevo i uz nailazak vozila sleva
1254723,?A?AK,LU?ANI,"28.05.2019,21:40",20.40896004,43.70353576,Sa poginulim,SN SA JEDNIM VOZILOM,Nezgoda sa jednim vozilom – silazak sa kolovoza u krivini
1268003,?A?AK,LU?ANI,"01.10.2019,15:05",20.12981,43.864906,Sa poginulim,SN SA NAJMANjE DVA VOZILA – SKRETANjE ILI PRELAZAK,Najmanje dva vozila koja se kre?u razli?itim putevima uz skretanje ulevo i uz nailazak vozila sleva
1241559,?A?AK,?A?AK,"09.01.2019,16:30",20.46408,43.886918,Sa poginulim,SN SA NAJMANjE DVA VOZILA – BEZ SKRETANjA,Ostale nezgode sa najmanje dva vozila – suprotni smerovi bez skretanja
1252866,?A?AK,?A?AK,"11.05.2019,19:21",20.463373,43.887132,Sa poginulim,SN SA NAJMANjE DVA VOZILA – SKRETANjE ILI PRELAZAK,Najmanje dva vozila koja se kre?u istim putem u suprotnim smerovima uz skretanje ulevo ispred drugog vozila
1258559,?A?AK,?A?AK,"06.07.2019,23:25",20.400951,43.926063,Sa poginulim,SN SA JEDNIM VOZILOM,Nezgoda sa jednim vozilom – silazak ulevo sa kolovoza na pravcu
1258868,?A?AK,?A?AK,"07.07.2019,22:30",20.32757063,43.923193,Sa poginulim,SN SA JEDNIM VOZILOM,Nezgoda sa jednim vozilom – silazak ulevo sa kolovoza na pravcu
1261903,?A?AK,?A?AK,"09.08.2019,07:45",20.509444,43.872906,Sa poginulim,SN SA NAJMANjE DVA VOZILA – SKRETANjE ILI PRELAZAK,Najmanje dva vozila koja se kre?u razli?itim putevima uz skretanje ulevo i uz nailazak vozila zdesna
1262225,?A?AK,?A?AK,"12.08.2019,14:00",20.12844,43.95401,Sa poginulim,SN SA JEDNIM VOZILOM,Nezgoda sa jednim vozilom i prevrtanjem
1266091,?A?AK,?A?AK,"19.09.2019,17:30",20.334491,43.88009,Sa poginulim,SN SA NAJMANjE DVA VOZILA – BEZ SKRETANjA,Najmanje dva vozila – suprotni smerovi bez skretanja – kretanje unazad
1267773,?A?AK,?A?AK,"04.10.2019,20:20",20.453956,43.832678,Sa poginulim,SN SA PEŠACIMA,"Prelazak pešaka sleva, van raskrsnice , bez skretanja vozila"
1272044,?A?AK,?A?AK,"16.11.2019,12:35",20.33721,43.87852,Sa poginulim,SN SA JEDNIM VOZILOM,Nezgoda sa jednim vozilom – silazak sa kolovoza u krivini
1273679,?A?AK,?A?AK,"01.12.2019,00:45",20.47862139,43.81652809,Sa poginulim,SN SA NAJMANjE DVA VOZILA – BEZ SKRETANjA,Najmanje dva vozila – ?eoni sudar
1266270,ŠABAC,BOGATI?,"23.09.2019,19:45",19.410584,44.863422,Sa poginulim,SN SA NAJMANjE DVA VOZILA – BEZ SKRETANjA,Najmanje dva vozila koja se kre?u u istom smeru – sustizanje
1267478,ŠABAC,BOGATI?,"04.10.2019,13:00",19.570358,44.88793,Sa poginulim,SN SA JEDNIM VOZILOM,Nezgoda sa jednim vozilom na kolovozu
1247893,ŠABAC,KOCELJEVA,"22.03.2019,19:10",19.758669,44.467551,Sa poginulim,SN SA JEDNIM VOZILOM,Nezgoda sa jednim vozilom i prevrtanjem
1250855,ŠABAC,KOCELJEVA,"21.04.2019,16:25",19.661487,44.50828,Sa poginulim,SN SA NAJMANjE DVA VOZILA – BEZ SKRETANjA,Najmanje dva vozila – ?eoni sudar
1246733,ŠABAC,LJUBOVIJA,"08.03.2019,16:40",19.391141,44.205685,Sa poginulim,SN SA JEDNIM VOZILOM,Nezgoda sa jednim vozilom i prevrtanjem
1276551,ŠABAC,LJUBOVIJA,"29.12.2019,09:35",19.437396,44.223717,Sa poginulim,SN SA PARKIRANIM VOZILIMA,Sudar sa parkiranim vozilom sa leve strane kolovoza
1241089,ŠABAC,LOZNICA,"04.01.2019,17:00",19.252391,44.580501,Sa poginulim,SN SA PEŠACIMA,"Prelazak pešaka sleva, van raskrsnice , bez skretanja vozila"
1244238,ŠABAC,LOZNICA,"08.02.2019,13:20",19.316994,44.654335,Sa poginulim,SN SA PEŠACIMA,"Prelazak pešaka sleva, van raskrsnice , bez skretanja vozila"
1254269,ŠABAC,LOZNICA,"27.05.2019,12:00",19.230829,44.534872,Sa poginulim,SN SA PEŠACIMA,"Prelazak pešaka sleva, u raskrsnici, bez skretanja vozila"
1255570,ŠABAC,LOZNICA,"08.06.2019,20:15",19.33513,44.509537,Sa poginulim,SN SA JEDNIM VOZILOM,Nezgoda sa jednim vozilom – silazak sa kolovoza u krivini
1258906,ŠABAC,LOZNICA,"10.07.2019,08:30",19.31583,44.653816,Sa poginulim,SN SA NAJMANjE DVA VOZILA – SKRETANjE ILI PRELAZAK,Najmanje dva vozila koja se kre?u razli?itim putevima uz skretanje ulevo i uz nailazak vozila sleva
1264051,ŠABAC,LOZNICA,"31.08.2019,19:30",19.158102,44.515316,Sa poginulim,SN SA PEŠACIMA,"Prelazak pešaka zdesna , u raskrsnici, bez skretanja vozila"
1267805,ŠABAC,LOZNICA,"07.10.2019,19:20",19.240701,44.547616,Sa poginulim,SN SA JEDNIM VOZILOM,Nezgode sa u?eš?em šinskog i drumskog vozila
1268119,ŠABAC,LOZNICA,"10.10.2019,21:20",19.251945,44.535058,Sa poginulim,SN SA NAJMANjE DVA VOZILA – BEZ SKRETANjA,Najmanje dva vozila koja se kre?u u istom smeru – sustizanje
1268166,ŠABAC,LOZNICA,"11.10.2019,08:20",19.29348,44.646983,Sa poginulim,SN SA NAJMANjE DVA VOZILA – BEZ SKRETANjA,Najmanje dva vozila koja se kre?u u istom smeru – sustizanje
1268244,ŠABAC,LOZNICA,"12.10.2019,01:05",19.250529,44.579733,Sa poginulim,SN SA PEŠACIMA,Pešak se kre?e duž kolovoza u smeru kretanja vozila
1269602,ŠABAC,LOZNICA,"25.10.2019,16:50",19.22496348,44.53394318,Sa poginulim,SN SA NAJMANjE DVA VOZILA – SKRETANjE ILI PRELAZAK,"Najmanje dva vozila koja se kre?u istim putem u istom smeru uz skretanje, skretanje ulevo ispred drugog vozila"
1270682,ŠABAC,LOZNICA,"03.11.2019,06:25",19.27697077,44.63282756,Sa poginulim,SN SA PEŠACIMA,Pešak se kre?e duž kolovoza u smeru kretanja vozila
1273656,ŠABAC,LOZNICA,"01.12.2019,19:45",19.150786,44.520825,Sa poginulim,SN SA PEŠACIMA,"Prelazak pešaka sleva, van raskrsnice , bez skretanja vozila"
1263957,ŠABAC,VLADIMIRCI,"30.08.2019,23:25",19.829923,44.68291,Sa poginulim,SN SA JEDNIM VOZILOM,Nezgoda sa jednim vozilom – silazak sa kolovoza u krivini
1268376,ŠABAC,VLADIMIRCI,"13.10.2019,14:40",19.831263,44.67118,Sa poginulim,SN SA JEDNIM VOZILOM,Nezgoda sa jednim vozilom – silazak ulevo sa kolovoza na pravcu
1272701,ŠABAC,VLADIMIRCI,"22.11.2019,19:15",19.870533,44.63231,Sa poginulim,SN SA PEŠACIMA,Pešak se kre?e duž kolovoza u smeru kretanja vozila
1273220,ŠABAC,VLADIMIRCI,"28.11.2019,11:54",19.816928,44.646046,Sa poginulim,SN SA JEDNIM VOZILOM,Nezgoda sa jednim vozilom – silazak udesno sa kolovoza na pravcu
1244194,ŠABAC,ŠABAC,"07.02.2019,20:25",19.569257,44.753197,Sa poginulim,SN SA PEŠACIMA,Pešak se kre?e duž kolovoza suprotno od smera kretanja vozila
1244860,ŠABAC,ŠABAC,"16.02.2019,04:20",19.581622,44.763603,Sa poginulim,SN SA JEDNIM VOZILOM,Nezgoda sa jednim vozilom – silazak sa kolovoza u krivini
1247972,ŠABAC,ŠABAC,"23.03.2019,12:40",19.523792,44.741722,Sa poginulim,SN SA NAJMANjE DVA VOZILA – SKRETANjE ILI PRELAZAK,Najmanje dva vozila koja se kre?u istim putem u suprotnim smerovima uz skretanje ulevo ispred drugog vozila
1251383,ŠABAC,ŠABAC,"26.04.2019,15:00",19.47,44.761399,Sa poginulim,SN SA JEDNIM VOZILOM,Nezgoda sa jednim vozilom – silazak udesno sa kolovoza na pravcu
1252922,ŠABAC,ŠABAC,"13.05.2019,16:45",19.700311,44.762336,Sa poginulim,SN SA JEDNIM VOZILOM,Nezgoda sa jednim vozilom – silazak sa kolovoza u krivini
1252922,ŠABAC,ŠABAC,"13.05.2019,16:45",19.700311,44.762336,Sa poginulim,SN SA PEŠACIMA,Pešak – ostale situacije
1253475,ŠABAC,ŠABAC,"20.05.2019,00:10",19.697713,44.743859,Sa poginulim,SN SA PEŠACIMA,"Prelazak pešaka zdesna, van raskrsnice, bez skretanja vozila"
1253604,ŠABAC,ŠABAC,"21.05.2019,03:10",19.640342,44.647949,Sa poginulim,SN SA JEDNIM VOZILOM,Nezgoda sa jednim vozilom i prevrtanjem
1255227,ŠABAC,ŠABAC,"05.06.2019,09:40",19.682117,44.764422,Sa poginulim,SN SA NAJMANjE DVA VOZILA – SKRETANjE ILI PRELAZAK,Najmanje dva vozila koja se kre?u razli?itim putevima uz skretanje ulevo i uz nailazak vozila zdesna
1256489,ŠABAC,ŠABAC,"18.06.2019,20:00",19.687239,44.678024,Sa poginulim,SN SA JEDNIM VOZILOM,Nezgoda sa jednim vozilom – silazak sa kolovoza u krivini
1259698,ŠABAC,ŠABAC,"19.07.2019,02:00",19.672247,44.735454,Sa poginulim,SN SA JEDNIM VOZILOM,Nezgoda sa jednim vozilom – silazak ulevo sa kolovoza na pravcu
1260528,ŠABAC,ŠABAC,"27.07.2019,04:51",19.646616,44.792716,Sa poginulim,SN SA JEDNIM VOZILOM,Nezgoda sa jednim vozilom – silazak ulevo sa kolovoza na pravcu
1262379,ŠABAC,ŠABAC,"14.08.2019,21:50",19.622879,44.734049,Sa poginulim,SN SA JEDNIM VOZILOM,Nezgoda sa jednim vozilom – silazak sa kolovoza u krivini
1265977,ŠABAC,ŠABAC,"20.09.2019,17:35",19.420588,44.716489,Sa poginulim,SN SA JEDNIM VOZILOM,Nezgode sa u?eš?em šinskog i drumskog vozila
1266137,ŠABAC,ŠABAC,"21.09.2019,08:30",19.501796,44.699957,Sa poginulim,SN SA JEDNIM VOZILOM,Nezgoda sa jednim vozilom i prevrtanjem
1270348,ŠABAC,ŠABAC,"31.10.2019,17:55",19.73899,44.706596,Sa poginulim,SN SA NAJMANjE DVA VOZILA – BEZ SKRETANjA,Najmanje dva vozila koja se kre?u u istom smeru – sustizanje
